ID,Title,Author
836,,
4012,,
15653,Dorothy Dale's Queer Holidays,"Penrose, Margaret"
21948,"Little Busybodies: The Life of Crickets, Ants, Bees, Beetles, and Other Busybodies","Moody, Julia, Marks, Jeannette Augustus"
18349,In the Irish Brigade: A Tale of War in Flanders and Spain,"Henty, G. A. (George Alfred)"
21752,My Doggie and I,"Ballantyne, R. M. (Robert Michael)"
22565,"From Farm to Fortune; or, Nat Nason's Strange Experience","Alger, Horatio, Jr."
8075,,
25274,Rollo at Work,"Abbott, Jacob"
6804,,
5673,,
11151,The Lost Trail,"Ellis, Edward Sylvester"
3035,,
14838,The Tale of Peter Rabbit,"Potter, Beatrix"
23576,"Quadrupeds, What They Are and Where Found: A Book of Zoology for Boys","Reid, Mayne"
15904,"The Rover Boys on the River; Or, The Search for the Missing Houseboat","Stratemeyer, Edward"
21935,"Prince Prigio
From ""His Own Fairy Book""","Lang, Andrew"
5304,,
10749,The Circus Procession,Unknown
14169,Ethel Hollister's Second Summer as a Campfire Girl,"Benson, Irene Elliott"
41,,
13859,"Boy Scouts in Southern Waters; Or, Spaniard's Treasure Chest","Ralphson, G. Harvey (George Harvey)"
5259,,
24545,"The Tale of the The Muley Cow
Slumber-Town Tales","Bailey, Arthur Scott"
6577,,
3034,,
18868,With Kitchener in the Soudan: A Story of Atbara and Omdurman,"Henty, G. A. (George Alfred)"
22113,Peggy Stewart at School,"Jackson, Gabrielle E. (Gabrielle Emilie)"
14797,The Tale of Timmy Tiptoes,"Potter, Beatrix"
19533,"Stories of Great Inventors
Fulton, Whitney, Morse, Cooper, Edison","Macomber, Hattie E."
15164,Folk Tales Every Child Should Know,
21884,The Faithless Parrot,"Bennett, Charles H. (Charles Henry)"
677,,
8411,,
18606,"The Camp Fire Girls in the Maine Woods; Or, The Winnebagos Go Camping","Frey, Hildegard G."
24730,"Daniel Boone
Taming the Wilds","Wilkie, Katharine Elliott"
22566,Dorothy and the Wizard in Oz,"Baum, L. Frank (Lyman Frank)"
35601,,
15767,The Texan Scouts: A Story of the Alamo and Goliad,"Altsheler, Joseph A. (Joseph Alexander)"
10742,The Picture Alphabet,"Spafford, Oliver"
7071,,
23521,The Sleeping Beauty Picture Book,
3260,,
12,Through the Looking-Glass,"Carroll, Lewis"
22818,An Alphabet of Celebrities,"Herford, Oliver"
15488,Woman's Life in Colonial Days,"Holliday, Carl"
17767,Pee-wee Harris Adrift,"Fitzhugh, Percy Keese"
14710,Uncle Titus and His Visit to the Country,"Spyri, Johanna"
23292,Ted and the Telephone,"Bassett, Sara Ware"
4608,,
19389,Child Songs of Cheer,"Stein, Evaleen"
12777,"The Young Engineers in Nevada; Or, Seeking Fortune on the Turn of a Pick","Hancock, H. Irving (Harrie Irving)"
6168,,
289,,
6338,,
14304,The Tale of Peter Rabbit,"Potter, Beatrix"
9075,,
10268,Patty at Home,"Wells, Carolyn"
14814,The Tale of Jemima Puddle-Duck,"Potter, Beatrix"
15655,Four Little Blossoms and Their Winter Fun,"Hawley, Mabel C."
9991,,
17097,Bunny Brown and His Sister Sue in the Big Woods,"Hope, Laura Lee"
22652,A Campfire Girl's Test of Friendship,"Stewart, Jane L."
293,,
18742,Willie Mouse,"Tabor, Alta"
5003,,
7434,,
21704,Six Months at the Cape,"Ballantyne, R. M. (Robert Michael)"
21266,Bird Day; How to prepare for it,"Babcock, Charles Almanzo"
17772,Mrs. Overtheway's Remembrances,"Ewing, Juliana Horatia"
10532,"Beacon Lights of History, Volume 06: Renaissance and Reformation","Lord, John"
23381,The Thorogood Family,"Ballantyne, R. M. (Robert Michael)"
6162,,
17135,Twas the Night before Christmas: A Visit from St. Nicholas,"Moore, Clement Clarke"
7479,,
9213,,
11702,Washington and his colleagues; a chronicle of the rise and fall of federalism,"Ford, Henry Jones"
12272,"The History of Puerto Rico
From the Spanish Discovery to the American Occupation","Van Middeldyk, R. A. (Rudolph Adams)"
21742,Jarwin and Cuffy,"Ballantyne, R. M. (Robert Michael)"
25529,The Adventures of Danny Meadow Mouse,"Burgess, Thornton W. (Thornton Waldo)"
4901,,
12526,"Boy Scouts in Northern Wilds; Or, The Signal from the Hills","Fletcher, Archibald Lee"
20822,"The Camp Fire Girls on the March; Or, Bessie King's Test of Friendship","Stewart, Jane L."
953,,
3291,,
21275,The Goat and Her Kid,"Myrtle, Harriet"
2805,,
19537,Punky Dunk and the Gold Fish,Anonymous
518,,
3795,,
14595,"The Soldier Boy; or, Tom Somers in the Army: A Story of the Great Rebellion","Optic, Oliver"
20311,The Bobbsey Twins on Blueberry Island,"Hope, Laura Lee"
20651,A Jolly Fellowship,"Stockton, Frank R."
17403,The Cornet of Horse: A Tale of Marlborough's Wars,"Henty, G. A. (George Alfred)"
10648,"Beacon Lights of History, Volume 13: Great Writers
Dr Lord's Uncompleted Plan, Supplemented with Essays by Emerson, Macaulay, Hedge, and Mercer Adam","Lord, John"
12423,A Short History of the United States for School Use,"Channing, Edward"
21237,The Bush Boys: History and Adventures of a Cape Farmer and his Family,"Reid, Mayne"
21739,Hunting the Lions,"Ballantyne, R. M. (Robert Michael)"
15976,Puck of Pook's Hill,"Kipling, Rudyard"
10323,"The Rover Boys at College; Or, The Right Road and the Wrong","Stratemeyer, Edward"
23350,Cecily Parsley's Nursery Rhymes,"Potter, Beatrix"
16046,Boy Blue and His Friends,"McDonald, Etta Blaisdell, Blaisdell, Mary Frances"
23494,"Notable Voyagers, From Columbus to Nordenskiold","Frith, Henry, Kingston, William Henry Giles"
7252,,
19555,Bunny Brown and His Sister Sue on Grandpa's Farm,"Hope, Laura Lee"
25545,"Children's Literature
A Textbook of Sources for Teachers and Teacher-Training Classes","Clippinger, Erle Elsworth, Curry, Charles Madison"
22352,American Boy's Life of Theodore Roosevelt,"Stratemeyer, Edward"
21748,Black Ivory,"Ballantyne, R. M. (Robert Michael)"
671,,
19592,"Frank and Fearless; or, The Fortunes of Jasper Kent","Alger, Horatio, Jr."
13506,The Story of Patsy,"Wiggin, Kate Douglas Smith"
3004,,
21958,Frank Merriwell's Races,"Standish, Burt L."
23263,The Fugitives: The Tyrant Queen of Madagascar,"Ballantyne, R. M. (Robert Michael)"
23389,Handbook to the new Gold-fields,"Ballantyne, R. M. (Robert Michael)"
21788,Held Fast For England: A Tale of the Siege of Gibraltar (1779-83),"Henty, G. A. (George Alfred)"
18357,"A Jacobite Exile
Being the Adventures of a Young Englishman in the Service of Charles the Twelfth of Sweden","Henty, G. A. (George Alfred)"
13604,"Thrilling Stories Of The Ocean
From Authentic Accounts Of Modern Voyagers And Travellers; Designed
For The Entertainment And Instruction Of Young People","Park, Marmaduke"
23545,Songs of Childhood,"De la Mare, Walter"
19788,Denslow's Three Bears,"Denslow, W. W. (William Wallace)"
10320,Dotty Dimple at Play,"May, Sophie"
3099,,
19477,The Young Trailers: A Story of Early Kentucky,"Altsheler, Joseph A. (Joseph Alexander)"
22163,"The Rover Boys on the Farm; or, Last Days at Putnam Hall","Stratemeyer, Edward"
22055,Dame Duck's First Lecture on Education,Unknown
17059,"The Submarine Boys for the Flag
Deeding Their Lives to Uncle Sam","Durham, Victor G."
3499,,
7841,,
24858,The Story of Wool,"Bassett, Sara Ware"
24485,A Floral Fantasy in an Old English Garden,"Crane, Walter"
20748,Favorite Fairy Tales,
6142,,
12776,Dave Darrin at Vera Cruz: Fighting with the U.S. Navy in Mexico,"Hancock, H. Irving (Harrie Irving)"
1283,"Tom Swift and His Wizard Camera; Or, Thrilling Adventures While Taking Moving Pictures","Appleton, Victor"
25824,The Tale of Rusty Wren,"Bailey, Arthur Scott"
5707,,
19713,The Laughing Prince: Jugoslav Folk and Fairy Tales,"Fillmore, Parker"
5731,,
18417,The Great Panjandrum Himself,"Foote, Samuel"
10557,Johnny Crow's Party,"Brooke, L. Leslie (Leonard Leslie)"
18264,Within The Enemy's Lines,"Optic, Oliver"
7506,,
17744,"The Moving Picture Boys on the War Front
Or, The Hunt for the Stolen Army Films","Appleton, Victor"
22248,The Indian Fairy Book: From the Original Legends,"Mathews, Cornelius"
11098,Happy and Gay Marching Away,Unknown
25609,A Child's Garden of Verses,"Stevenson, Robert Louis"
15920,"Outward Bound Or, Young America Afloat: A Story of Travel and Adventure","Optic, Oliver"
21845,"The Tale of Peter Mink
Sleepy-Time Tales","Bailey, Arthur Scott"
11,Alice's Adventures in Wonderland,"Carroll, Lewis"
18155,The Story of the Three Little Pigs,"Brooke, L. Leslie (Leonard Leslie)"
8651,,
6149,,
9256,,
21202,Fighting the Whales,"Ballantyne, R. M. (Robert Michael)"
21747,The Lonely Island: The Refuge of the Mutineers,"Ballantyne, R. M. (Robert Michael)"
952,,
11065,"Aunt Mary's Primer
Adorned with a Hundred and Twenty Pretty Pictures",Anonymous
23271,Sunk at Sea,"Ballantyne, R. M. (Robert Michael)"
7820,,
23749,The Mythological Zoo,"Herford, Oliver"
17365,Child's Book of Water Birds,Anonymous
18561,The Ontario Readers: Third Book,Ontario. Department of Education
961,,
5747,,
1154,The Voyages of Doctor Dolittle,"Lofting, Hugh"
15697,True Stories of History and Biography,"Hawthorne, Nathaniel"
12091,"The Camp Fire Girls at Long Lake; Or, Bessie King in Summer Camp","Stewart, Jane L."
7001,,
17069,A Great Emergency and Other Tales,"Ewing, Juliana Horatia"
25869,Patty's Success,"Wells, Carolyn"
20713,"A Campfire Girl's First Council Fire
The Camp Fire Girls In the Woods","Stewart, Jane L."
13455,"The Rover Boys In The Mountains; Or, A Hunt for Fun and Fortune","Stratemeyer, Edward"
17268,Ontario Teachers' Manuals: History,Ontario. Department of Education
21942,Dickory Dock,"Meade, L. T."
10319,"Dave Darrin's Third Year at Annapolis; Or, Leaders of the Second Class Midshipmen","Hancock, H. Irving (Harrie Irving)"
22181,"The Maid and the Magpie
An Interesting Tale Founded on Facts","Moreton, Charles"
24053,"The Little Lame Prince
Rewritten for Young Readers by Margaret Waters","Craik, Dinah Maria Mulock, Waters, Margaret"
5732,,
24736,"Peter Pry's Puppet Show
Part the II.",Unknown
23380,Fighting the Flames,"Ballantyne, R. M. (Robert Michael)"
1448,Heidi,"Spyri, Johanna"
5263,,
18617,On The Blockade,"Optic, Oliver"
737,,
13274,A Little Catechism; With Little Verses and Little Sayings for Little Children,"Mason, John"
949,,
23987,The Torch Bearer: A Camp Fire Girls' Story,"Thurston, I. T. (Ida Treadwell)"
21913,The Talking Leaves: An Indian Story,"Stoddard, William O."
23479,"Eight Illustrations to Shakespeare's Tempest
Designed by Walter Crane","Crane, Walter"
5303,,
15002,"All Aboard; or, Life on the Lake
A Sequel to ""The Boat Club""","Optic, Oliver"
11250,"Journeys Through Bookland, Vol. 5","Sylvester, Charles Herbert"
113,The Secret Garden,"Burnett, Frances Hodgson"
23505,Freaks on the Fells: Three Months' Rustication,"Ballantyne, R. M. (Robert Michael)"
21322,"The Tale of Betsy Butterfly
Tuck-Me-In Tales","Bailey, Arthur Scott"
9948,,
23351,"The Yacht Club; or, The Young Boat-Builder","Optic, Oliver"
22245,Steve and the Steam Engine,"Bassett, Sara Ware"
3734,,
19136,Hayslope Grange: A Tale of the Civil War,"Leslie, Emma"
3785,,
22095,The Red Cross Girls with the Russian Army,"Vandercook, Margaret"
8507,,
23129,The Young Voyageurs: Boy Hunters in the North,"Reid, Mayne"
19366,Punky Dunk and the Spotted Pup,Anonymous
12735,The Grammar School Boys in Summer Athletics,"Hancock, H. Irving (Harrie Irving)"
13004,More Goops and How Not to Be Them: A Manual of Manners for Impolite Infants,"Burgess, Gelett"
2435,The Crimson Fairy Book,"Lang, Andrew"
15040,McGuffey's Fifth Eclectic Reader,"McGuffey, William Holmes"
3041,,
18816,Stand By The Union,"Optic, Oliver"
781,,
1573,"Frank's Campaign; Or, The Farm and the Camp","Alger, Horatio, Jr."
19068,Household Stories by the Brothers Grimm,"Grimm, Wilhelm, Grimm, Jacob"
18156,We and the World: A Book for Boys. Part II,"Ewing, Juliana Horatia"
19469,"Poems Teachers Ask For, Book Two",Various
21719,Blue Lights: Hot Work in the Soudan,"Ballantyne, R. M. (Robert Michael)"
24608,The Tale of Kiddie Katydid,"Bailey, Arthur Scott"
15122,The Little Colonel's Hero,"Johnston, Annie F. (Annie Fellows)"
1033,Rose o' the River,"Wiggin, Kate Douglas Smith"
22096,Stories the Iroquois Tell Their Children,"Powers, Mabel"
25491,"Peck's Sunshine
Being a Collection of Articles Written for Peck's Sun,
Milwaukee, Wis. - 1882","Peck, George W. (George Wilbur)"
10834,The History of Insects,Unknown
5601,,
24683,"Nan Sherwood at Palm Beach; Or, Strange Adventures Among The Orange Groves","Carr, Annie Roe"
3806,,
15760,The Forest of Swords: A Story of Paris and the Marne,"Altsheler, Joseph A. (Joseph Alexander)"
5617,,
23462,More Russian Picture Tales,"Karrik, Valerian Viliamovich"
10929,The Dog Crusoe and His Master: A Story of Adventure in the Western Prairies,"Ballantyne, R. M. (Robert Michael)"
20870,"The Motor Girls Through New England; or, Held by the Gypsies","Penrose, Margaret"
16294,"England in America, 1580-1652","Tyler, Lyon Gardiner"
14241,More English Fairy Tales,
12855,Elizabethan Sea-Dogs: A Chronicle of Drake and His Companions,"Wood, William"
13450,The Motor Maids in Fair Japan,"Stokes, Katherine"
2284,Animal Heroes,"Seton, Ernest Thompson"
2493,The Adventures of Paddy the Beaver,"Burgess, Thornton W. (Thornton Waldo)"
22335,Harrison's New Nursery Picture Book,
5834,,
10081,"The Boy Allies at Jutland; Or, The Greatest Naval Battle of History","Hayes, Clair W. (Clair Wallace)"
1015,The Oregon Trail: Sketches of Prairie and Rocky-Mountain Life,"Parkman, Francis"
16508,American Men of Action,"Stevenson, Burton Egbert"
12774,"Dave Darrin's First Year at Annapolis
Two Plebe Midshipmen at the United States Naval Academy","Hancock, H. Irving (Harrie Irving)"
12434,Twelve Studies on the Making of a Nation: The Beginnings of Israel's History,"Jenks, Jeremiah Whipple, Kent, Charles Foster"
4091,,
23665,The Peacock 'At Home' AND The Butterfly's Ball AND The Fancy Fair,"Dorset, Catherine Ann Turner, Roscoe, William"
13685,"The Children's Hour, v 5. Stories From Seven Old Favorites","Tappan, Eva March"
10478,"Beacon Lights of History, Volume 02: Jewish Heroes and Prophets","Lord, John"
12870,"The Boy Allies on the Firing Line; Or, Twelve Days Battle Along the Marne","Hayes, Clair W. (Clair Wallace)"
20474,Grace Harlowe's Fourth Year at Overton College,"Chase, Josephine"
22420,The Book of Nature Myths,"Holbrook, Florence"
9218,,
21764,"Child Stories from the Masters
Being a Few Modest Interpretations of Some Phases of the
Master Works Done in a Child Way","Menefee, Maud"
24473,The Cat and the Mouse: A Book of Persian Fairy Tales,
23751,"Southern Stories
Retold from St. Nicholas",Various
22972,Rollo in Holland,"Abbott, Jacob"
24772,"Sara Crewe; Or, What Happened at Miss Minchin's","Burnett, Frances Hodgson"
22031,"The Airplane Boys among the Clouds; Or, Young Aviators in a Wreck","Langworthy, John Luther"
4358,,
11171,"Uncle Tom's Cabin, Young Folks' Edition","Stowe, Harriet Beecher"
22755,"The Adventures of the Little Woman, Her Dog and the Pedlar",Anonymous
2900,,
20471,Grace Harlowe's Golden Summer,"Chase, Josephine"
4988,,
15550,Ethel Morton at Rose House,"Smith, Mabell S. C. (Mabell Shippie Clarke)"
11861,"Radio Boys Cronies; Or, Bill Brown's Radio","Aaron, S. F. (Samuel Francis), Whipple, Wayne"
16390,Little Prudy's Dotty Dimple,"May, Sophie"
21744,The Lifeboat,"Ballantyne, R. M. (Robert Michael)"
22644,"The Boy Scout Treasure Hunters; Or, The Lost Treasure of Buffalo Hollow","Lerrigo, Charles Henry"
21733,The Giant of the North: Pokings Round the Pole,"Ballantyne, R. M. (Robert Michael)"
19805,The Tale of Mr. Tod,"Potter, Beatrix"
6328,,
18461,Six little Bunkers at Mammy June's,"Hope, Laura Lee"
24610,"Dumpy Proverbs
Dumpy Books for Children #24","Appleton, Honor C."
4914,,
16869,Oonomoo the Huron,"Ellis, Edward Sylvester"
3042,,
13707,Twice-told tales,"Hawthorne, Nathaniel"
484,,
4356,,
5404,,
22071,"Marjorie Dean, College Sophomore","Chase, Josephine"
15795,"The Rover Boys in Camp; or, The Rivals of Pine Island","Stratemeyer, Edward"
5340,,
6094,,
6973,,
10317,"Betty Gordon at Boarding School; Or, The Treasure of Indian Chasm","Emerson, Alice B."
21716,The Battery and the Boiler: Adventures in Laying of Submarine Electric Cables,"Ballantyne, R. M. (Robert Michael)"
24881,"The Tale of Grumpy Weasel
Sleepy-Time Tales","Bailey, Arthur Scott"
17865,"The Meadow-Brook Girls in the Hills; Or, The Missing Pilot of the White Mountains","Aldridge, Janet"
21693,Post Haste,"Ballantyne, R. M. (Robert Michael)"
25514,The Ranger Boys and the Border Smugglers,"LaBelle, Claude A."
17492,Six little Bunkers at Cousin Tom's,"Hope, Laura Lee"
16644,The Puritan Twins,"Perkins, Lucy Fitch"
16091,Dorothy Dale's Camping Days,"Penrose, Margaret"
25519,Little Wizard Stories of Oz,"Baum, L. Frank (Lyman Frank)"
23667,Woodland Tales,"Seton, Ernest Thompson"
23773,"The Coming Wave; Or, The Hidden Treasure of High Rock","Optic, Oliver"
20207,Under Wellington's Command: A Tale of the Peninsular War,"Henty, G. A. (George Alfred)"
17807,Uncle Wiggily in the Woods,"Garis, Howard Roger"
21729,Dusty Diamonds Cut and Polished: A Tale of City Arab Life and Adventure,"Ballantyne, R. M. (Robert Michael)"
13646,A Book of Nonsense,"Lear, Edward"
5348,,
485,,
19195,Rollo in the Woods,"Abbott, Jacob"
10267,"The Outdoor Chums; Or, The First Tour of the Rod, Gun and Camera Club","Allen, Quincy"
17056,"The Submarine Boys and the Middies
The Prize Detail at Annapolis","Durham, Victor G."
12805,"The Boy Allies in the Balkan Campaign; Or, the Struggle to Save a Nation","Hayes, Clair W. (Clair Wallace)"
18813,The Tiger of Mysore: A Story of the War with Tippoo Saib,"Henty, G. A. (George Alfred)"
14859,"Daddy Takes Us to the Garden
The Daddy Series for Little Folks","Garis, Howard Roger"
20656,Old Christmas: from the Sketch Book of Washington Irving,"Irving, Washington"
11978,"Brave Tom; Or, The Battle That Won","Ellis, Edward Sylvester"
23274,Lost in the Forest: Wandering Will's Adventures in South America,"Ballantyne, R. M. (Robert Michael)"
6302,,
976,,
16663,The Tale of Solomon Owl,"Bailey, Arthur Scott"
15839,The Rebel of the School,"Meade, L. T."
4532,,
21697,The Red Man's Revenge: A Tale of The Red River Flood,"Ballantyne, R. M. (Robert Michael)"
24894,The Emperor's Rout,Unknown
15124,The Lighthouse,"Ballantyne, R. M. (Robert Michael)"
23302,"The Dumpy Books for Children;
No. 7. A Flower Book","Coybee, Eden"
4985,,
17221,History of the Plague in London,"Defoe, Daniel"
6451,,
20511,The Little Mother Goose,
18666,Polly: A New-Fashioned Girl,"Meade, L. T."
6472,,
5426,,
1825,The Adventures of Reddy Fox,"Burgess, Thornton W. (Thornton Waldo)"
10607,The Real Mother Goose,
5955,,
15778,The Honorable Miss: A Story of an Old-Fashioned Town,"Meade, L. T."
22816,The Adventures of Buster Bear,"Burgess, Thornton W. (Thornton Waldo)"
809,,
18943,Tom Slade at Black Lake,"Fitzhugh, Percy Keese"
3492,,
14626,"The Boy Allies with the Victorious Fleets; Or, The Fall of the German Navy","Hayes, Clair W. (Clair Wallace)"
13020,"The Boy Allies at Verdun; Or, Saving France from the Enemy","Hayes, Clair W. (Clair Wallace)"
21735,The Floating Light of the Goodwin Sands,"Ballantyne, R. M. (Robert Michael)"
22164,A Modern Tomboy: A Story for Girls,"Meade, L. T."
8859,,
20351,Jackanapes,"Ewing, Juliana Horatia"
24488,Rollo in Naples,"Abbott, Jacob"
21914,The Woggle-Bug Book,"Baum, L. Frank (Lyman Frank)"
3410,,
7488,,
22891,"Simple Simon
Silhouette Series",Anonymous
20729,At the Point of the Bayonet: A Tale of the Mahratta War,"Henty, G. A. (George Alfred)"
24738,Pleasing Stories for Good Children with Pictures,Anonymous
15169,The Bobbsey Twins in a Great City,"Hope, Laura Lee"
6572,,
1391,Penelope's Irish Experiences,"Wiggin, Kate Douglas Smith"
1874,The Railway Children,"Nesbit, E. (Edith)"
24263,A Hundred Anecdotes of Animals,"Billinghurst, Percy J."
24852,"The Wonders of the Jungle, Book One","Ghosh, Sarath Kumar"
10048,"Billie Bradley and Her Inheritance; Or, The Queer Homestead at Cherry Corners","Wheeler, Janet D."
21248,The Little Colonel: Maid of Honor,"Johnston, Annie F. (Annie Fellows)"
20693,The Jungle Baby,"Farrow, G. E. (George Edward)"
15689,"Gascoyne, The Sandal-Wood Trader: A Tale of the Pacific","Ballantyne, R. M. (Robert Michael)"
6904,,
25502,Hero-Myths & Legends of the British Race,"Ebbutt, M. I. (Maud Isabel)"
7037,,
14668,McGuffey's Second Eclectic Reader,"McGuffey, William Holmes"
25477,"The Curlytops on Star Island; Or, Camping out with Grandpa","Garis, Howard Roger"
8732,,
19988,Little Maid Marian,"Blanchard, Amy Ella"
21797,A sailor's lass,"Leslie, Emma"
3653,,
19993,"Childhood's Favorites and Fairy Stories
The Young Folks Treasury, Volume 1",
21703,Silver Lake,"Ballantyne, R. M. (Robert Michael)"
4980,,
14291,The Story of Geographical Discovery: How the World Became Known,"Jacobs, Joseph"
23644,"Marjorie Dean, High School Freshman","Chase, Josephine"
420,,
22060,"The Young Franc Tireurs, and Their Adventures in the Franco-Prussian War","Henty, G. A. (George Alfred)"
19867,"Frank Merriwell, Junior's, Golden Trail; Or, The Fugitive Professor","Standish, Burt L."
6121,,
2892,,
10466,Little Saint Elizabeth and Other Stories,"Burnett, Frances Hodgson"
18652,The Tale of Henrietta Hen,"Bailey, Arthur Scott"
10316,Roy Blakeley's Adventures in Camp,"Fitzhugh, Percy Keese"
3092,,
16379,"Children's Classics in Dramatic Form, Book Two","Stevenson, Augusta"
19398,"By Right of Conquest; Or, With Cortez in Mexico","Henty, G. A. (George Alfred)"
14034,King Alfred's Viking: A Story of the First English Fleet,"Whistler, Charles W. (Charles Watts)"
21049,"The Curlytops and Their Pets; Or, Uncle Toby's Strange Collection","Garis, Howard Roger"
8067,,
3037,,
18790,The Insect Folk,"Morley, Margaret Warner"
5341,,
22669,"The Young Miner; Or, Tom Nelson in California","Alger, Horatio, Jr."
462,,
23894,"Billie Bradley at Three Towers Hall; Or, Leading a Needed Rebellion","Wheeler, Janet D."
19915,Slovenly Betsy,"Hoffmann, Heinrich"
14880,McGuffey's Fourth Eclectic Reader,"McGuffey, William Holmes"
21650,London Town,"Leigh, Felix"
14831,Andy Grant's Pluck,"Alger, Horatio, Jr."
13753,Dorothy Dainty's Gay Times,"Brooks, Amy"
6323,,
22887,"The Courtship, Marriage, and Pic-Nic Dinner of Cock Robin & Jenny Wren
With the Death and Burial of Poor Cock Robin",Anonymous
16436,"Poems Every Child Should Know
The What-Every-Child-Should-Know-Library",
24623,"Mother Goose
The Original Volland Edition",
11961,The Lords of the Wild: A Story of the Old New York Border,"Altsheler, Joseph A. (Joseph Alexander)"
24449,"Queen Summer; Or, The Tourney of the Lily and the Rose","Crane, Walter"
15750,Pee-wee Harris on the Trail,"Fitzhugh, Percy Keese"
21754,The Ocean and Its Wonders,"Ballantyne, R. M. (Robert Michael)"
2789,,
13539,"Dr. Scudder's Tales for Little Readers, About the Heathen.","Scudder, John"
20473,Grace Harlowe's Third Year at Overton College,"Chase, Josephine"
9208,,
20223,"Two Boys in Wyoming: A Tale of Adventure
(Northwest Series, No. 3)","Ellis, Edward Sylvester"
9613,,
17266,"The Banner Boy Scouts; or, The Struggle for Leadership","Warren, George A."
25418,The Baby's Opera,"Crane, Walter"
19167,Billy Whiskers: The Autobiography of a Goat,"Montgomery, Frances Trego"
14732,The Adventures of Unc' Billy Possum,"Burgess, Thornton W. (Thornton Waldo)"
24013,The Telegraph Boy,"Alger, Horatio, Jr."
14184,The Ladder to Learning,"Lovechild, Miss"
17988,Grace Harlowe's First Year at Overton College,"Chase, Josephine"
14958,Mother West Wind 'Why' Stories,"Burgess, Thornton W. (Thornton Waldo)"
19423,The Story of Porcelain,"Bassett, Sara Ware"
5833,,
8887,,
5770,,
19247,Dotty Dimple's Flyaway,"May, Sophie"
23208,How Janice Day Won,"Long, Helen Beecher"
23372,The Buffalo Runners: A Tale of the Red River Plains,"Ballantyne, R. M. (Robert Michael)"
17095,Bunny Brown and His Sister Sue on an Auto Tour,"Hope, Laura Lee"
21876,Mary Louise and the Liberty Girls,"Baum, L. Frank (Lyman Frank)"
699,,
15831,"The Scientific American Boy; Or, The Camp at Willow Clump Island","Bond, A. Russell (Alexander Russell)"
18968,Adventure of a Kite,"Myrtle, Harriet"
23580,The Children's Bible,"Sherman, Henry A., Kent, Charles Foster"
11311,The Masters of the Peaks: A Story of the Great North Woods,"Altsheler, Joseph A. (Joseph Alexander)"
5977,,
20740,"Myths and Legends of All Nations
Famous Stories from the Greek, German, English, Spanish,
Scandinavian, Danish, French, Russian, Bohemian, Italian
and other sources",
2306,"Uncle Remus, His Songs and His Sayings","Harris, Joel Chandler"
9106,,
8574,,
19295,"The Outdoor Girls at Ocean View; Or, The Box That Was Found in the Sand","Hope, Laura Lee"
6071,,
24734,"Tommy Tatters
Uncle Toby's Series",Unknown
4560,,
22743,"Ruth Fielding and the Gypsies; Or, The Missing Pearl Necklace","Emerson, Alice B."
17168,The Queen of the Pirate Isle,"Harte, Bret"
15202,"Young Folks' Treasury, Volume 2 (of 12)
Myths and Legendary Heroes",
12630,The Adventures of Old Mr. Toad,"Burgess, Thornton W. (Thornton Waldo)"
982,,
23377,The Lively Poll: A Tale of the North Sea,"Ballantyne, R. M. (Robert Michael)"
11058,Jack Archer: A Tale of the Crimea,"Henty, G. A. (George Alfred)"
20834,"Ruth Fielding at the War Front; or, The Hunt for the Lost Soldier","Emerson, Alice B."
384,,
18596,"Ride A Cock-Horse To Banbury Cross & A Farmer Went Trotting Upon His Grey Mare
R. Caldecott's Picture Books",
20181,A Defective Santa Claus,"Riley, James Whitcomb"
2557,Old Mother West Wind,"Burgess, Thornton W. (Thornton Waldo)"
5417,,
1078,The Scouts of the Valley,"Altsheler, Joseph A. (Joseph Alexander)"
20736,"The Girl Scouts at Home; or, Rosanna's Beautiful Day","Galt, Katherine Keene"
13035,The Goop Directory of Juvenile Offenders Famous for their Misdeeds and Serving as a Salutary Example for all Virtuous Children,"Burgess, Gelett"
20832,"Campfire Girls at Twin Lakes; Or, The Quest of a Summer Vacation","Francis, Stella M."
14202,Little Prudy's Sister Susy,"May, Sophie"
4635,,
5846,,
271,,
19648,"Mingo, and Other Sketches in Black and White","Harris, Joel Chandler"
5902,,
25626,"The Girl Scouts at Bellaire; Or, Maid Mary's Awakening","Garis, Lilian"
10366,"Freedom's Battle
Being a Comprehensive Collection of Writings and Speeches on the Present Situation","Gandhi, Mahatma"
5141,,
21015,The Adventures of Jimmy Skunk,"Burgess, Thornton W. (Thornton Waldo)"
19402,Frank Merriwell's Reward,"Standish, Burt L."
14890,The Hunters of the Hills,"Altsheler, Joseph A. (Joseph Alexander)"
25419,Polly and Eleanor,"Roy, Lillian Elizabeth"
10522,"Beacon Lights of History, Volume 04: Imperial Antiquity","Lord, John"
2897,,
24409,"Our Common Insects
A Popular Account of the Insects of Our Fields, Forests, Gardens and Houses","Packard, A. S. (Alpheus Spring)"
25581,Rinkitink in Oz,"Baum, L. Frank (Lyman Frank)"
21721,The Coral Island,"Ballantyne, R. M. (Robert Michael)"
25487,"Peck's Bad Boy and His Pa
1883","Peck, George W. (George Wilbur)"
6952,,
2273,"Tom Swift and His Motor-Boat; Or, The Rivals of Lake Carlopa","Appleton, Victor"
15659,The Beacon Second Reader,"Fassett, James H. (James Hiram)"
1364,"Tom Swift and His Electric Locomotive; Or, Two Miles a Minute on the Rails","Appleton, Victor"
14910,Elsie at the World's Fair,"Finley, Martha"
11319,The Fairy Godmothers and Other Tales,"Gatty, Alfred, Mrs."
9383,,
11592,Children's Hour with Red Riding Hood and Other Stories,
11260,The Kiltartan History Book,"Gregory, Lady"
21652,"Klondike Nuggets, and How Two Boys Secured Them","Ellis, Edward Sylvester"
19531,Punky Dunk and the Mouse,Anonymous
22956,Rollo in Paris,"Abbott, Jacob"
8670,,
951,,
11506,"The Old Bell of Independence; Or, Philadelphia in 1776","Watson, Henry C. (Henry Clay)"
22431,"Dave Darrin on Mediterranean Service; or, With Dan Dalzell on European Duty","Hancock, H. Irving (Harrie Irving)"
11115,"Frank Merriwell at Yale; Or, Freshman Against Freshman","Standish, Burt L."
6858,,
6439,,
6063,,
25753,"Radio Boys Loyalty; Or, Bill Brown Listens In","Aaron, S. F. (Samuel Francis), Whipple, Wayne"
15577,A History of the McGuffey Readers,"Vail, Henry Hobart"
23540,The Twin Cousins,"May, Sophie"
6440,,
15145,My Book of Favourite Fairy Tales,"Vredenburg, Edric"
9628,,
15575,"The Tale of Samuel Whiskers; Or, The Roly-Poly Pudding","Potter, Beatrix"
21238,The Castaways,"Reid, Mayne"
21901,The Birthday Party: A Story for Little Folks,"Optic, Oliver"
9901,,
14411,The Children's Six Minutes,"Wright, Bruce S. (Bruce Simpson)"
486,,
902,,
24714,Fairy Tales from Brazil: How and Why Tales from Brazilian Folk-Lore,"Eells, Elsie Spicer"
530,,
5312,,
2770,,
6895,,
6950,,
24849,A Little Present for a Good Child,Unknown
25611,A Child's Garden of Verses,"Stevenson, Robert Louis"
7128,,
24737,The Children of Odin: The Book of Northern Myths,"Colum, Padraic"
3073,,
18811,The Light Princess and Other Fairy Stories,"MacDonald, George"
21734,The Golden Dream: Adventures in the Far West,"Ballantyne, R. M. (Robert Michael)"
9255,,
12878,"The Radio Boys in the Thousand Islands; Or, The Yankee-Canadian Wireless Trail","Honeywell, Frank"
15663,Ancient Egypt,"Gilman, Arthur, Rawlinson, George"
22408,Chatterbox Stories of Natural History,Anonymous
5981,,
16140,The Curious Book of Birds,"Brown, Abbie Farwell"
23213,"Uncle Wiggily and Old Mother Hubbard
Adventures of the Rabbit Gentleman with the Mother Goose Characters","Garis, Howard Roger"
20945,Patty Blossom,"Wells, Carolyn"
15188,"The Outdoor Chums After Big Game; Or, Perilous Adventures in the Wilderness","Allen, Quincy"
14407,The Tale of Benjamin Bunny,"Potter, Beatrix"
6301,,
20910,"South American Fights and Fighters, and Other Tales of Adventure","Brady, Cyrus Townsend"
3043,,
22433,"Breaking Away; or, The Fortunes of a Student","Optic, Oliver"
12656,"The Boy Allies at Liège; Or, Through Lines of Steel","Hayes, Clair W. (Clair Wallace)"
22511,Rollo on the Rhine,"Abbott, Jacob"
23272,The Story of the Rock,"Ballantyne, R. M. (Robert Michael)"
24731,"The Tale of Grunty Pig
Slumber-Town Tales","Bailey, Arthur Scott"
517,,
9211,,
19207,The Firelight Fairy Book,"Beston, Henry"
7013,,
8599,,
17250,"Mother West Wind ""Where"" Stories","Burgess, Thornton W. (Thornton Waldo)"
22921,The Death and Burial of Cock Robin,Anonymous
16751,McGuffey's Sixth Eclectic Reader,"McGuffey, William Holmes"
14077,A Frog He Would A-Wooing Go,"Caldecott, Randolph"
24644,Harry's Ladder to Learning,Anonymous
6896,,
20405,Grace Harlowe's Overland Riders Among the Kentucky Mountaineers,"Chase, Josephine"
25301,The Adventures of Danny Meadow Mouse,"Burgess, Thornton W. (Thornton Waldo)"
2899,,
3005,,
15560,"Young Folks Treasury, Volume 3 (of 12)
Classic Tales and Old-Fashioned Stories",
1217,"Penelope's Experiences in Scotland
Being Extracts from the Commonplace Book of Penelope Hamilton","Wiggin, Kate Douglas Smith"
16756,The Bobbsey Twins at the County Fair,"Hope, Laura Lee"
5302,,
22012,"The Rover Boys on a Hunt; or, The Mysterious House in the Woods","Stratemeyer, Edward"
20437,The Frog Prince and Other Stories,"Crane, Walter"
19,The Song of Hiawatha,"Longfellow, Henry Wadsworth"
5948,,
25762,"Billie Bradley on Lighthouse Island; Or, The Mystery of the Wreck","Wheeler, Janet D."
10465,"The Outdoor Girls of Deepdale; Or, camping and tramping for fun and health","Hope, Laura Lee"
3149,,
21836,"The Tale of Jasper Jay
Tuck-Me-In Tales","Bailey, Arthur Scott"
12945,The Boy Scouts of the Geological Survey,"Shaler, Robert"
436,,
13650,Nonsense Books,"Lear, Edward"
11602,The World of Ice,"Ballantyne, R. M. (Robert Michael)"
3032,,
6906,,
25564,The Water-Babies: A Fairy Tale for a Land-Baby,"Kingsley, Charles"
20117,"Chatterbox, 1905.",Various
24532,"Journeys Through Bookland, Vol. 8","Sylvester, Charles Herbert"
21426,"The Tale of Daddy Longlegs
Tuck-Me-In Tales","Bailey, Arthur Scott"
18058,Elsie's Vacation and After Events,"Finley, Martha"
12734,"The Young Engineers in Colorado; Or, At Railroad Building in Earnest","Hancock, H. Irving (Harrie Irving)"
23661,The Book of Dragons,"Nesbit, E. (Edith)"
9257,,
14877,The Tale of Ginger and Pickles,"Potter, Beatrix"
21757,The Hot Swamp,"Ballantyne, R. M. (Robert Michael)"
25555,Fairy Tales of the Slav Peasants and Herdsmen,"Chodzko, Alexander"
11469,"Boy Scouts on Motorcycles; Or, With the Flying Squadron","Ralphson, G. Harvey (George Harvey)"
14128,"Toni, the Little Woodcarver","Spyri, Johanna"
19311,"The Outdoor Girls in Florida; Or, Wintering in the Sunny South","Hope, Laura Lee"
11241,Wee Ones' Bible Stories,Anonymous
20579,The Frog Who Would A Wooing Go,"Bennett, Charles H. (Charles Henry)"
4265,,
54,,
12227,Child's First Picture Book,Anonymous
21823,The Butterfly's Ball and the Grasshopper's Feast,"Roscoe, William, Ballantyne, R. M. (Robert Michael)"
9462,,
11162,The Story of Little Black Mingo,"Bannerman, Helen"
5952,,
6685,,
12946,The Boy Scouts on Picket Duty,"Shaler, Robert"
7006,,
20348,"The Moving Picture Girls in War Plays
Or, The Sham Battles at Oak Farm","Hope, Laura Lee"
9542,,
10212,Peck's Bad Boy with the Circus,"Peck, George W. (George Wilbur)"
24692,A Bit of Sunshine,Unknown
23262,Chasing the Sun,"Ballantyne, R. M. (Robert Michael)"
25456,Princess Polly At Play,"Brooks, Amy"
14623,Six little Bunkers at Grandma Bell's,"Hope, Laura Lee"
14872,The Tale of Squirrel Nutkin,"Potter, Beatrix"
508,,
35013,,
14825,Our Foreigners: A Chronicle of Americans in the Making,"Orth, Samuel Peter"
4670,,
7210,,
10983,"The Young Captives
A Narrative of the Shipwreck and Suffering of John and William Doyley",Anonymous
1864,Hero Tales from American History,"Roosevelt, Theodore, Lodge, Henry Cabot"
21692,The Pirate City: An Algerine Tale,"Ballantyne, R. M. (Robert Michael)"
17096,Bunny Brown and His Sister Sue at Camp Rest-A-While,"Hope, Laura Lee"
3761,,
10726,"Outlines of Lessons in Botany, Part I; from Seed to Leaf
For the Use of Teachers, or Mothers Studying with Their Children","Moore, Jane Newell"
18356,Orange and Green: A Tale of the Boyne and Limerick,"Henty, G. A. (George Alfred)"
14868,The Tailor of Gloucester,"Potter, Beatrix"
4989,,
4931,,
21783,"A Manual of Pronunciation
For Practical Use in Schools and Families","Ashmore, Otis"
10552,Roy Blakeley: His Story,"Fitzhugh, Percy Keese"
14352,Patty and Azalea,"Wells, Carolyn"
12523,"Crusaders of New France
A Chronicle of the Fleur-de-Lis in the Wilderness
Chronicles of America, Volume 4","Munro, William Bennett"
5830,,
23569,"Christmas Holidays at Merryvale
The Merryvale Boys","Burnett, Alice Hale"
47,,
45,,
16476,The Rover Boys on Land and Sea: The Crusoes of Seven Islands,"Stratemeyer, Edward"
23336,The Tiny Story Book.,Anonymous
14759,Camping For Boys,"Gibson, H. W. (Henry William)"
5729,,
25473,"Frontier Boys on the Coast; Or, In the Pirate's Power","Roosevelt, Wyn"
24857,"Journeys Through Bookland, Vol. 10: The Guide","Sylvester, Charles Herbert"
23869,Little Mr. Thimblefinger and His Queer Country,"Harris, Joel Chandler"
21738,Hunted and Harried,"Ballantyne, R. M. (Robert Michael)"
18019,The Luckiest Girl in the School,"Brazil, Angela"
20081,A Houseful of Girls,"Tytler, Sarah"
6141,,
19206,Under Drake's Flag: A Tale of the Spanish Main,"Henty, G. A. (George Alfred)"
10737,Book about Animals,"Merrill, Rufus"
12741,"Risen from the Ranks; Or, Harry Walton's Success","Alger, Horatio, Jr."
25873,"The Motor Girls on Crystal Bay; or, The Secret of the Red Oar","Penrose, Margaret"
3536,,
120,Treasure Island,"Stevenson, Robert Louis"
16667,Young Folks' History of Rome,"Yonge, Charlotte M. (Charlotte Mary)"
23650,Ten Boys from History,"Sweetser, Kate Dickinson"
6987,,
10857,"My Native Land
The United States: its Wonders, its Beauties, and its People; with Descriptive Notes, Character Sketches, Folk Lore, Traditions, Legends and History, for the Amusement of the Old and the Instruction of the Young","Cox, James"
19502,Frank Merriwell's Chums,"Standish, Burt L."
14566,Elsie's Motherhood,"Finley, Martha"
6899,,
15348,"Blown to Bits; or, The Lonely Man of Rakata","Ballantyne, R. M. (Robert Michael)"
20091,No Surrender! A Tale of the Rising in La Vendee,"Henty, G. A. (George Alfred)"
316,,
20723,Little Cinderella,Anonymous
10688,"The Camp Fire Girls at Camp Keewaydin; Or, Paddles Down","Frey, Hildegard G."
22886,Cinderella in the South: Twenty-Five South African Tales,"Cripps, Arthur Shearly"
22571,Frank Merriwell's Bravery,"Standish, Burt L."
16891,Peter Parley's Tales About America and Australia,"Goodrich, Samuel G. (Samuel Griswold)"
10811,De La Salle Fifth Reader,Christian Brothers
3497,,
21864,"Journeys Through Bookland, Vol. 6","Sylvester, Charles Herbert"
18505,A Popular Schoolgirl,"Brazil, Angela"
519,,
19969,"The Moving Picture Girls at Oak Farm
or, Queer Happenings While Taking Rural Plays","Hope, Laura Lee"
9205,,
11660,Ethel Morton's Enterprise,"Smith, Mabell S. C. (Mabell Shippie Clarke)"
19361,"The Babes in the Wood
One of R. Caldecott's Picture Books",
5791,,
3038,,
11664,"The Camp Fire Girls Do Their Bit; Or, Over the Top with the Winnebagos","Frey, Hildegard G."
24592,The Tale of Snowball Lamb,"Bailey, Arthur Scott"
21980,"Motor Boat Boys Mississippi Cruise; or, The Dash for Dixie","Arundel, Louis"
12764,The Forty-Niners: A Chronicle of the California Trail and El Dorado,"White, Stewart Edward"
17118,"The Moving Picture Girls Under the Palms
Or Lost in the Wilds of Florida","Hope, Laura Lee"
12610,"Nan Sherwood's Winter Holidays; Or, Rescuing the Runaways","Carr, Annie Roe"
25801,The Girl Scouts in Beechwood Forest,"Vandercook, Margaret"
8675,,
8642,,
22529,"The Twelve Labours of Hercules, Son of Jupiter & Alcmena",Anonymous
25811,"The Automobile Girls in the Berkshires; Or, The Ghost of Lost Man's Trail","Crane, Laura Dent"
5696,,
11936,The Wise Mamma Goose,"Herr, Charlotte B. (Charlotte Bronte)"
10070,Stories of Great Americans for Little Americans,"Eggleston, Edward"
20575,My Dog Tray,Unknown
23495,The Story of the Greeks,"Guerber, H. A. (Hélène Adeline)"
18662,The Tale of Buster Bumblebee,"Bailey, Arthur Scott"
23728,Walter and the Wireless,"Bassett, Sara Ware"
16534,A Young Folks' History of the Church of Jesus Christ of Latter-day Saints,"Anderson, Nephi"
19815,"Roy Blakeley, Pathfinder","Fitzhugh, Percy Keese"
10477,"Beacon Lights of History, Volume 01: The Old Pagan Civilizations","Lord, John"
10904,"Frank Merriwell's Nobility; Or, The Tragedy of the Ocean Tramp","Standish, Burt L."
8155,,
22014,The Peter Patter Book of Nursery Rhymes,"Jackson, Leroy F. (Leroy Freeman)"
9206,,
19466,The Marvelous Land of Oz,"Baum, L. Frank (Lyman Frank)"
15168,Bowser the Hound,"Burgess, Thornton W. (Thornton Waldo)"
7871,,
6573,,
12571,"The Boy Allies in the Trenches; Or, Midst Shot and Shell Along the Aisne","Hayes, Clair W. (Clair Wallace)"
9214,,
15955,A Short History of Scotland,"Lang, Andrew"
21706,Twice Bought,"Ballantyne, R. M. (Robert Michael)"
21428,Goody Two-Shoes,Unknown
3040,,
9078,,
9080,,
12116,Struwwelpeter: Merry Stories and Funny Pictures,"Hoffmann, Heinrich"
21203,The Tale of Grandfather Mole,"Bailey, Arthur Scott"
10533,"Beacon Lights of History, Volume 07: Great Women","Lord, John"
421,,
6814,,
15284,The Tale of Johnny Town-Mouse,"Potter, Beatrix"
24222,The Story of Eclipses,"Chambers, George F. (George Frederick)"
14964,"From Canal Boy to President; Or, the Boyhood and Manhood of James A. Garfield","Alger, Horatio, Jr."
18035,Marjorie at Seacote,"Wells, Carolyn"
5796,,
25489,"Peck's bad boy abroad : $b Being a humorous description of the bad boy and his dad in their journeys through foreign lands
1904","Peck, George W. (George Wilbur)"
24065,A History of Nursery Rhymes,"Green, Percy B."
12532,The Shades of the Wilderness: A Story of Lee's Great Stand,"Altsheler, Joseph A. (Joseph Alexander)"
419,,
21078,"The Tale of Miss Kitty Cat
Slumber-Town Tales","Bailey, Arthur Scott"
10335,Children's Rights: A Book of Nursery Logic,"Wiggin, Kate Douglas Smith"
20432,"Young Captain Jack; Or, The Son of a Soldier","Alger, Horatio, Jr., Stratemeyer, Edward"
1284,"Tom Swift and His Air Scout; Or, Uncle Sam's Mastery of the Sky","Appleton, Victor"
21728,The Dog Crusoe and his Master,"Ballantyne, R. M. (Robert Michael)"
3774,,
24993,Rollo's Experiments,"Abbott, Jacob"
21699,The Rover of the Andes: A Tale of Adventure on South America,"Ballantyne, R. M. (Robert Michael)"
14379,Elsie at Nantucket,"Finley, Martha"
20134,Bunny Brown and His Sister Sue at Christmas Tree Cove,"Hope, Laura Lee"
1363,"Tom Swift Among the Fire Fighters; Or, Battling with Flames from the Air","Appleton, Victor"
20340,A Little Maid of Old Maine,"Curtis, Alice Turner"
11915,The Adventures of Mr. Mocker,"Burgess, Thornton W. (Thornton Waldo)"
23758,"Work and Win; Or, Noddy Newman on a Cruise","Optic, Oliver"
22896,Little Stories for Little Children,Anonymous
19565,Bunny Brown and His Sister Sue and Their Shetland Pony,"Hope, Laura Lee"
20985,"The Banner Boy Scouts on a Tour; or, The Mystery of Rattlesnake Mountain","Warren, George A."
23560,Carl and the Cotton Gin,"Bassett, Sara Ware"
14876,The Forest Runners: A Story of the Great War Trail in Early Kentucky,"Altsheler, Joseph A. (Joseph Alexander)"
1597,Andersen's Fairy Tales,"Andersen, H. C. (Hans Christian)"
20730,For the Sake of the School,"Brazil, Angela"
14627,Veronica,"Spyri, Johanna"
21712,The Young Fur Traders,"Ballantyne, R. M. (Robert Michael)"
18420,The Bobbsey Twins at Home,"Hope, Laura Lee"
12943,The Hilltop Boys on the River,"Burleigh, Cyril"
25857,Patty's Social Season,"Wells, Carolyn"
14546,"Betty Gordon at Mountain Camp; Or, The Mystery of Ida Bellethorne","Emerson, Alice B."
21737,"The Garret and the Garden; Or, Low Life High Up","Ballantyne, R. M. (Robert Michael)"
16160,"The Treasury of Ancient Egypt
Miscellaneous Chapters on Ancient Egyptian History and Archaeology","Weigall, Arthur E. P. Brome (Arthur Edward Pearse Brome)"
19154,With Lee in Virginia: A Story of the American Civil War,"Henty, G. A. (George Alfred)"
5631,,
23108,"Chester Rand; or, The New Path to Fortune","Alger, Horatio, Jr."
1430,Beautiful Stories from Shakespeare,"Shakespeare, William, Nesbit, E. (Edith)"
17094,The Story of the Red Cross as told to The Little Colonel,"Johnston, Annie F. (Annie Fellows)"
19736,Six little Bunkers at Aunt Jo's,"Hope, Laura Lee"
18953,The Tale of Dickie Deer Mouse,"Bailey, Arthur Scott"
16247,Famous Stories Every Child Should Know,
15344,"Grace Harlowe's Sophomore Year at High School
The Record of the Girl Chums in Work and Athletics","Chase, Josephine"
16537,"Myths That Every Child Should Know
A Selection Of The Classic Myths Of All Times For Young People",
18531,"Timothy's Quest
A Story for Anybody, Young or Old, Who Cares to Read It","Wiggin, Kate Douglas Smith"
23493,Under the Waves: Diving in Deep Waters,"Ballantyne, R. M. (Robert Michael)"
514,,
21732,Fort Desolation: Red Indians and Fur Traders of Rupert's Land,"Ballantyne, R. M. (Robert Michael)"
25359,"Boys and Girls Bookshelf; a Practical Plan of Character Building, Volume I (of 17)
Fun and Thought for Little Folk",Various
15285,The Hosts of the Air,"Altsheler, Joseph A. (Joseph Alexander)"
13577,"The Meadow-Brook Girls Afloat; Or, the Stormy Cruise of the Red Rover","Aldridge, Janet"
16121,Brothers of Pity and Other Tales of Beasts and Men,"Ewing, Juliana Horatia"
14837,The Tale of Tom Kitten,"Potter, Beatrix"
20053,"The Rover Boys in the Air; Or, From College Campus to the Clouds","Stratemeyer, Edward"
7081,,
22156,The Boy with the U. S. Weather Men,"Rolt-Wheeler, Francis"
19495,"Tom Slade, Motorcycle Dispatch Bearer","Fitzhugh, Percy Keese"
5868,,
7862,,
6339,,
10220,Daddy Takes Us Skating,"Garis, Howard Roger"
2804,,
24676,Peeps at Many Lands: Norway,"Mockler-Ferryman, A. F. (Augustus Ferryman)"
5632,,
5420,,
19092,The Adventures of Paddy Beaver,"Burgess, Thornton W. (Thornton Waldo)"
25174,Rollo in Scotland,"Abbott, Jacob"
6746,,
11140,"Rollo at Play; Or, Safe Amusements","Abbott, Jacob"
22925,The Story of Young Abraham Lincoln,"Whipple, Wayne"
24912,Finger plays for nursery and kindergarten,"Poulsson, Emilie"
544,,
23036,"Dave Darrin After the Mine Layers; Or, Hitting the Enemy a Hard Naval Blow","Hancock, H. Irving (Harrie Irving)"
7493,,
18941,"The Fight for a Free Sea: A Chronicle of the War of 1812
The Chronicles of America Series, Volume 17","Paine, Ralph Delahaye"
23483,"Dame Wonder's Picture Alphabet
Amusing Alphabet, Dame Wonder's Series.",Anonymous
15540,"Across India; Or, Live Boys in the Far East","Optic, Oliver"
11860,"Black Beauty, Young Folks' Edition","Sewell, Anna"
24271,"Children's Rhymes, Children's Games, Children's Songs, Children's Stories
A Book for Bairns and Big Folk","Ford, Robert"
19573,Alice's Adventures in Wonderland,"Carroll, Lewis"
22464,The Last of the Chiefs: A Story of the Great Sioux War,"Altsheler, Joseph A. (Joseph Alexander)"
14136,"The Outdoor Girls at the Hostess House; Or, Doing Their Best for the Soldiers","Hope, Laura Lee"
17396,The Secret Garden,"Burnett, Frances Hodgson"
5835,,
23887,Strange Stories from History for Young People,"Eggleston, George Cary"
20588,The Wonder Island Boys: Exploring the Island,"Finlay, Roger T. (Roger Thompson)"
20208,"Boy Scouts in the Philippines; Or, The Key to the Treaty Box","Ralphson, G. Harvey (George Harvey)"
22656,"Red Cap Tales, Stolen from the Treasure Chest of the Wizard of the North","Scott, Walter, Crockett, S. R. (Samuel Rutherford)"
2786,,
9207,,
7425,,
22373,Russian Fairy Tales: A Choice Collection of Muscovite Folk-lore,
4987,,
19450,Dorothy and the Wizard in Oz,"Baum, L. Frank (Lyman Frank)"
19467,Little Wizard Stories of Oz,"Baum, L. Frank (Lyman Frank)"
21810,The Wonder Island Boys: Treasures of the Islands,"Finlay, Roger T. (Roger Thompson)"
35128,,
17034,English Fairy Tales,"Steel, Flora Annie Webster"
16544,The Boy Scouts In Russia,"Blaine, John"
3674,,
11565,"Friends, though divided: A Tale of the Civil War","Henty, G. A. (George Alfred)"
8994,,
19579,American Indian Fairy Tales,"Larned, W. T. (William Trowbridge)"
10045,"Dave Darrin's Second Year at Annapolis
Or, Two Midshipmen as Naval Academy ""Youngsters""","Hancock, H. Irving (Harrie Irving)"
14402,The Tale of Old Mr. Crow,"Bailey, Arthur Scott"
22727,The Land of the Long Night,"Du Chaillu, Paul B. (Paul Belloni)"
2898,,
4513,,
572,,
6380,,
35157,,
20522,The Story of the Mind,"Baldwin, James Mark"
10640,"Beacon Lights of History, Volume 09: European Statesmen","Lord, John"
23645,The Motor Maids at Sunrise Camp,"Stokes, Katherine"
1354,Chronicles of Avonlea,"Montgomery, L. M. (Lucy Maud)"
12948,The Boy Scouts with the Motion Picture Players,"Shaler, Robert"
22600,How to Write Clearly: Rules and Exercises on English Composition,"Abbott, Edwin Abbott"
22035,"Dramatized Rhythm Plays
Mother Goose and Traditional","Richards, John N."
9380,,
5352,,
18571,"The Northmen, Columbus and Cabot, 985-1503",
24086,Over the Rocky Mountains: Wandering Will in the Land of the Redskin,"Ballantyne, R. M. (Robert Michael)"
21241,The Rifle Rangers,"Reid, Mayne"
19576,Anne of Green Gables,"Montgomery, L. M. (Lucy Maud)"
23430,Rollo in Rome,"Abbott, Jacob"
22521,The Young Acrobat of the Great North American Circus,"Alger, Horatio, Jr."
3811,,
18699,"The Moving Picture Girls at Sea
or, A Pictured Shipwreck That Became Real","Hope, Laura Lee"
22377,Rollo in Switzerland,"Abbott, Jacob"
21681,"A Little Traitor to the South
A War Time Comedy with a Tragic Interlude","Brady, Cyrus Townsend"
10436,Erick and Sally,"Spyri, Johanna"
4018,,
17314,Five Children and It,"Nesbit, E. (Edith)"
19505,A Christmas Carol,"Dickens, Charles"
24560,The Jingle Book,"Wells, Carolyn"
5002,,
21758,Hudson Bay,"Ballantyne, R. M. (Robert Michael)"
18180,Tom Slade on Mystery Trail,"Fitzhugh, Percy Keese"
2226,Kim,"Kipling, Rudyard"
10979,"Footsteps on the Road to Learning; Or, The Alphabet in Rhyme",Anonymous
21713,The Young Trawler,"Ballantyne, R. M. (Robert Michael)"
20753,The Wonder Island Boys:  The Tribesmen,"Finlay, Roger T. (Roger Thompson)"
24252,"Four Young Explorers; Or, Sight-Seeing in the Tropics","Optic, Oliver"
17102,An Elegy on the Death of a Mad Dog,"Goldsmith, Oliver"
11073,The Illustrated Alphabet of Birds,Unknown
9995,,
5342,,
21691,The Pioneers,"Ballantyne, R. M. (Robert Michael)"
21745,The Life of a Ship,"Ballantyne, R. M. (Robert Michael)"
15281,Uncle Wiggily's Adventures,"Garis, Howard Roger"
20031,A Final Reckoning: A Tale of Bush Life in Australia,"Henty, G. A. (George Alfred)"
35097,,
22169,The Story of the Barbary Corsairs,"Lane-Poole, Stanley, Kelley, J. D. Jerrold (James Douglas Jerrold)"
17057,"The Submarine Boys and the Spies
Dodging the Sharks of the Deep","Durham, Victor G."
10380,Bible Stories and Religious Classics,"Wells, Philip P. (Philip Patterson)"
754,,
20614,The Wonder Island Boys: The Mysteries of the Caverns,"Finlay, Roger T. (Roger Thompson)"
15077,The Tale of Mr. Jeremy Fisher,"Potter, Beatrix"
20795,The Cricket on the Hearth,"Dickens, Charles"
697,,
12103,The Tale of Mrs. Tiggy-Winkle,"Potter, Beatrix"
24628,"The Tale of Jimmy Rabbit
Sleepy-TimeTales","Bailey, Arthur Scott"
5875,,
1867,The Diary of a Goose Girl,"Wiggin, Kate Douglas Smith"
25492,"How Private George W. Peck Put Down the Rebellion
or, The Funny Experiences of a Raw Recruit - 1887","Peck, George W. (George Wilbur)"
12112,The Boy Scouts of the Eagle Patrol,"Goldfrap, John Henry"
14000,"Six Lectures on Light
Delivered In The United States In 1872-1873","Tyndall, John"
6055,,
12655,"The Boy Mechanic, Volume 1: 700 Things for Boys to Do",
3031,,
4711,,
17546,The Lion of Saint Mark: A Story of Venice in the Fourteenth Century,"Henty, G. A. (George Alfred)"
20347,"The Moving Picture Girls Snowbound
Or, The Proof on the Film","Hope, Laura Lee"
21749,Man on the Ocean: A Book about Boats and Ships,"Ballantyne, R. M. (Robert Michael)"
23384,"Gascoyne, the Sandal-Wood Trader","Ballantyne, R. M. (Robert Michael)"
21239,"The Cliff Climbers
A Sequel to ""The Plant Hunters""","Reid, Mayne"
6108,,
16960,History of the United States,"Beard, Charles A. (Charles Austin), Beard, Mary Ritter"
17506,A Little Mother to the Others,"Meade, L. T."
14879,The Hilltop Boys on Lost Island,"Burleigh, Cyril"
3454,,
6827,,
296,,
22201,"The Butterfly's Funeral
A Sequel to the Butterfly's Ball and Grasshopper's Feast",J. L. B.
19834,Ethel Morton's Holidays,"Smith, Mabell S. C. (Mabell Shippie Clarke)"
22561,Tame Animals,Anonymous
20641,"Through Three Campaigns: A Story of Chitral, Tirah and Ashanti","Henty, G. A. (George Alfred)"
19734,"The Fairy Book
The Best Popular Stories Selected and Rendered Anew","Craik, Dinah Maria Mulock"
17496,Elsie at Home,"Finley, Martha"
6853,,
6072,,
34737,,
17766,With Wolfe in Canada: The Winning of a Continent,"Henty, G. A. (George Alfred)"
23663,Tom Slade on a Transport,"Fitzhugh, Percy Keese"
20434,"The Boy Scouts' First Camp Fire; or, Scouting with the Silver Fox Patrol","Carter, Herbert, active 1909-1917"
14110,Kernel Cob And Little Miss Sweetclover,"Mitchell, George"
21720,Charlie to the Rescue,"Ballantyne, R. M. (Robert Michael)"
3642,,
20515,The Eagle of the Empire: A Story of Waterloo,"Brady, Cyrus Townsend"
17162,"Mother Stories from the Old Testament
A Book of the Best Stories from the Old Testament that Mothers can tell their Children",Anonymous
46,,
20017,Pages for Laughing Eyes,Unknown
21741,The Island Queen,"Ballantyne, R. M. (Robert Michael)"
17160,"Modern Prose And Poetry; For Secondary Schools
Edited With Notes, Study Helps, And Reading Lists",
9966,,
51,,
17163,"Mother Stories from the New Testament
A Book of the Best Stories from the New Testament that Mothers can tell their Children",Anonymous
17436,The Queen's Cup,"Henty, G. A. (George Alfred)"
1361,"Tom Swift and His Giant Cannon; Or, The Longest Shots on Record","Appleton, Victor"
12296,"Camps and Trails in China
A Narrative of Exploration, Adventure, and Sport in Little-Known China","Andrews, Roy Chapman, Andrews, Yvette Borup"
21746,The Lighthouse,"Ballantyne, R. M. (Robert Michael)"
659,,
22308,"Golden Moments
Bright Stories for Young Folks",Anonymous
19522,Tom Slade at Temple Camp,"Fitzhugh, Percy Keese"
10583,Holland: The History of the Netherlands,"Grattan, Thomas Colley"
16383,Dotty Dimple Out West,"May, Sophie"
22022,"Aunt Jo's Scrap Bag, Volume 2
Shawl-Straps","Alcott, Louisa May"
18618,Stories of Later American History,"Gordy, Wilbur F. (Wilbur Fisk)"
25865,Patty's Summer Days,"Wells, Carolyn"
4979,,
19033,Alice's Adventures in Wonderland,"Carroll, Lewis"
19337,A Christmas Carol,"Dickens, Charles"
20320,"Jack Harkaway's Boy Tinker Among The Turks
Book Number Fifteen in the Jack Harkaway Series","Hemyng, Bracebridge"
17756,"The Submarine Boys and the Middies
Or, the Prize Detail at Annapolis","Durham, Victor G."
22079,The Brighton Boys in the Radio Service,"Driscoll, James R."
14278,The Radio Boys on the Mexican Border,"Breckenridge, Gerald"
1278,"Penelope's English Experiences
Being Extracts from the Commonplace Book of Penelope Hamilton","Wiggin, Kate Douglas Smith"
17151,"Bob Chester's Grit; Or, From Ranch to Riches","Webster, Frank V."
2649,,
19644,"Mary's Meadow, and Other Tales of Fields and Flowers","Ewing, Juliana Horatia"
11023,"Gems of Poetry, for Girls and Boys",Unknown
25355,Rollo in Geneva,"Abbott, Jacob"
25858,"The Radio Boys Trailing a Voice; Or, Solving a Wireless Mystery","Chapman, Allen"
21240,The Lone Ranche,"Reid, Mayne"
16052,The Brownies and Other Tales,"Ewing, Juliana Horatia"
6622,,
25617,A Child's Garden of Verses,"Stevenson, Robert Louis"
20710,"Pluck on the Long Trail; Or, Boy Scouts in the Rockies","Sabin, Edwin L. (Edwin Legrand)"
21619,"The Tale of Nimble Deer
Sleepy-Time Tales","Bailey, Arthur Scott"
21626,"Adrift in the Wilds; Or, The Adventures of Two Shipwrecked Boys","Ellis, Edward Sylvester"
4357,,
21702,Shifting Winds: A Tough Yarn,"Ballantyne, R. M. (Robert Michael)"
20986,Tom Slade with the Colors,"Fitzhugh, Percy Keese"
6851,,
25847,Patty's Friends,"Wells, Carolyn"
7061,,
21632,"Fame and Fortune; or, The Progress of Richard Hunter","Alger, Horatio, Jr."
18630,The Tale of Frisky Squirrel,"Bailey, Arthur Scott"
15723,"The Rover Boys on Treasure Isle; Or, The Strange Cruise of the Steam Yacht","Stratemeyer, Edward"
10754,Little Sarah,Unknown
1281,"Tom Swift and His Aerial Warship; Or, The Naval Terror of the Seas","Appleton, Victor"
8659,,
35070,,
24826,Hildegarde's Holiday: A Story for Girls,"Richards, Laura Elizabeth Howe"
7356,,
163,Flower Fables,"Alcott, Louisa May"
18735,"The Little Red Hen
An Old English Folk Tale",
528,,
18127,The Beginner's American History,"Montgomery, D. H. (David Henry)"
5660,,
6675,,
4367,,
24182,Rollo in London,"Abbott, Jacob"
20721,A Little Girl in Old Detroit,"Douglas, Amanda M."
17761,Six little Bunkers at Grandpa Ford's,"Hope, Laura Lee"
9202,,
3093,,
6357,,
23496,"How Britannia Came to Rule the Waves
Updated to 1900","Kingston, William Henry Giles"
2441,The Burgess Animal Book for Children,"Burgess, Thornton W. (Thornton Waldo)"
14220,The Tale of the Flopsy Bunnies,"Potter, Beatrix"
23371,"Blown to Bits: The Lonely Man of Rakata, the Malay Archipelago","Ballantyne, R. M. (Robert Michael)"
5343,,
714,,
19197,How Freckle Frog Made Herself Pretty,"Herr, Charlotte B. (Charlotte Bronte)"
23794,Mother Goose or the Old Nursery Rhymes,
4940,,
9897,,
21740,The Iron Horse,"Ballantyne, R. M. (Robert Michael)"
14891,The Rulers of the Lakes: A Story of George and Champlain,"Altsheler, Joseph A. (Joseph Alexander)"
21736,The Gorilla Hunters,"Ballantyne, R. M. (Robert Michael)"
5727,,
22234,"Aunt Jo's Scrap Bag, Volume 5
Jimmy's Cruise in the Pinafore, Etc.","Alcott, Louisa May"
15741,The Little Colonel's House Party,"Johnston, Annie F. (Annie Fellows)"
3777,,
23765,"Captain Boldheart & the Latin-Grammar Master
A Holiday Romance from the Pen of Lieut-Col. Robin Redforth, aged 9","Dickens, Charles"
19743,"The Outdoor Chums at Cabin Point; Or, The Golden Cup Mystery","Allen, Quincy"
1375,New Chronicles of Rebecca,"Wiggin, Kate Douglas Smith"
13290,Martin Rattler,"Ballantyne, R. M. (Robert Michael)"
22693,A Book of Myths,"Lang, Jean"
19381,Among the Farmyard People,"Pierson, Clara Dillingham"
19575,Anne of Avonlea,"Montgomery, L. M. (Lucy Maud)"
10965,"The World Turned Upside Down
Or, No News, and Strange News",Anonymous
11716,The Balkans: A History of Bulgaria—Serbia—Greece—Rumania—Turkey,"Hogarth, D. G. (David George), Forbes, Nevill, Mitrany, David, Toynbee, Arnold"
22604,Children and Their Books,"Penniman, James Hosmer"
7766,,
21756,Philosopher Jack,"Ballantyne, R. M. (Robert Michael)"
20652,Ring O' Roses: A Nursery Rhyme Picture Book,
7803,,
20286,"Funny Alphabet
Uncle Franks' Series","Cogger, Edward P."
8662,,
6471,,
14848,The Story of Miss Moppet,"Potter, Beatrix"
7124,,
9216,,
20366,Wonderwings and other Fairy Stories,"Howes, Edith"
25802,"Ruth Fielding on the St. Lawrence; Or, The Queer Old Man of the Thousand Islands","Emerson, Alice B."
18674,A Chinese Wonder Book,"Pitman, Norman Hinsdale"
17993,Young Peoples' History of the War with Spain,"Holmes, Prescott"
21710,The Crew of the Water Wagtail,"Ballantyne, R. M. (Robert Michael)"
5347,,
19079,The Adventures of Lightfoot the Deer,"Burgess, Thornton W. (Thornton Waldo)"
9209,,
18546,Denslow's Mother Goose,
23286,"The Rover Boys Under Canvas; Or, The Mystery of the Wrecked Submarine","Stratemeyer, Edward"
23388,Wrecked but not Ruined,"Ballantyne, R. M. (Robert Michael)"
12682,"The Boy Allies in Great Peril; Or, With the Italian Army in the Alps","Hayes, Clair W. (Clair Wallace)"
10531,"Beacon Lights of History, Volume 05: The Middle Ages","Lord, John"
21751,The Middy and the Moors: An Algerine Story,"Ballantyne, R. M. (Robert Michael)"
957,,
24593,The Oriental Story Book: A Collection of Tales,"Hauff, Wilhelm"
15798,Clover,"Coolidge, Susan"
7498,,
14883,Grandmother Elsie,"Finley, Martha"
19473,"Now or Never; Or, The Adventures of Bobby Bright","Optic, Oliver"
17283,The Absurd ABC,"Crane, Walter"
20309,Bunny Brown and His Sister Sue in the Sunny South,"Hope, Laura Lee"
34568,,
19015,"Jane Allen, Right Guard","Bancroft, Edith"
794,,
17060,Death and Burial of Poor Cock Robin,
13647,Nonsense Songs,"Lear, Edward"
399,,
5254,,
24778,"The National Nursery Book
With 120 illustrations",Unknown
14971,History of Holland,"Edmundson, George"
17208,"The Tales of Mother Goose
As First Collected by Charles Perrault in 1696","Perrault, Charles"
1868,Penelope's Postscripts,"Wiggin, Kate Douglas Smith"
19541,Marigold Garden,"Greenaway, Kate"
25798,"Boy Scouts in the North Sea; Or, The Mystery of a Sub","Ralphson, G. Harvey (George Harvey)"
4086,,
18579,Taken by the Enemy,"Optic, Oliver"
17089,The Tale of Mrs. Tittlemouse,"Potter, Beatrix"
22991,"Boy Scouts Mysterious Signal; Or, Perils of the Black Bear Patrol","Ralphson, G. Harvey (George Harvey)"
25432,The Baby's Bouquet: A Fresh Bunch of Rhymes and Tunes,"Crane, Walter"
960,,
18874,The Boy With the U. S. Foresters,"Rolt-Wheeler, Francis"
15852,The Texan Star: The Story of a Great Fight for Liberty,"Altsheler, Joseph A. (Joseph Alexander)"
10540,Mother Carey's Chickens,"Wiggin, Kate Douglas Smith"
21731,Fighting the Whales,"Ballantyne, R. M. (Robert Michael)"
21726,"Deep Down, a Tale of the Cornish Mines","Ballantyne, R. M. (Robert Michael)"
22902,"The Liberty Boys Running the Blockade; or, Getting Out of New York","Moore, Harry"
23373,The Eagle Cliff,"Ballantyne, R. M. (Robert Michael)"
15720,"Ruth Fielding in the Great Northwest; Or, The Indian Girl Star of the Movies","Emerson, Alice B."
16686,"Verses for Children, and Songs for Music","Ewing, Juliana Horatia"
19177,"Hey Diddle Diddle and Baby Bunting
R. Caldecott's Picture Books","Caldecott, Randolph"
7334,,
24694,"Peter Prim's Profitable Present
To the little misses and masters of the United States",Unknown
6754,,
18678,A Victorious Union,"Optic, Oliver"
20342,Grace Harlowe's Problem,"Chase, Josephine"
8745,,
21725,"The Coxswain's Bride; also, Jack Frost and Sons; and, A Double Rescue","Ballantyne, R. M. (Robert Michael)"
14815,"Peck's Compendium of Fun
Comprising the Choicest Gems of Wit, Humor, Sarcasm and Pathos of America's Favorite Humorist","Peck, George W. (George Wilbur)"
955,,
21714,The Red Eric,"Ballantyne, R. M. (Robert Michael)"
25433,The Baby's Own Aesop,"Aesop, Crane, Walter"
13789,Great Britain and the American Civil War,"Adams, Ephraim Douglass"
23652,The Entertaining History of Jobson & Nell,Anonymous
2315,The Flag-Raising,"Wiggin, Kate Douglas Smith"
24590,The Tale of Ferdinand Frog,"Bailey, Arthur Scott"
16728,"A Catechism of Familiar Things;
Their History, and the Events Which Led to Their Discovery.
With a Short Explanation of Some of the Principal Natural Phenomena. For the Use of Schools and Families. Enlarged and Revised Edition.",Anonymous
1560,The San Francisco Calamity by Earthquake and Fire,"Morris, Charles"
8456,,
7335,,
24703,Little Present,Unknown
14889,"The Meadow-Brook Girls Under Canvas; Or, Fun and Frolic in the Summer Camp","Aldridge, Janet"
20552,Roumanian Fairy Tales,
23625,The Magic Pudding,"Lindsay, Norman"
5075,,
22795,The Ontario High School Reader,"Marty, Aletta E."
20163,The Jolliest School of All,"Brazil, Angela"
25490,"Peck's Uncle Ike and The Red Headed Boy
1899","Peck, George W. (George Wilbur)"
23405,"Journeys Through Bookland, Vol. 7","Sylvester, Charles Herbert"
18216,"Pathfinders of the West
Being the Thrilling Story of the Adventures of the Men Who
Discovered the Great Northwest: Radisson, La Vérendrye,
Lewis and Clark","Laut, Agnes C."
15661,The Golden Goose Book,"Brooke, L. Leslie (Leonard Leslie)"
22396,"King Arthur's Knights
The Tales Re-told for Boys & Girls","Gilbert, Henry"
7870,,
6461,,
20349,"The Moving Picture Girls at Rocky Ranch
Or, Great Days Among the Cowboys","Hope, Laura Lee"
25610,A Child's Garden of Verses,"Stevenson, Robert Louis"
7070,,
3098,,
22252,Rollo on the Atlantic,"Abbott, Jacob"
6337,,
15867,The Little Colonel's Chum: Mary Ware,"Johnston, Annie F. (Annie Fellows)"
4230,,
24578,Mary Louise Solves a Mystery,"Baum, L. Frank (Lyman Frank)"
19868,"The Milkmaid
R. Caldecott's Picture Books","Caldecott, Randolph"
5128,,
15170,The Child's World: Third Reader,"Tate, W. K. (William Knox), Withers, Sarah, Browne, Hetty Sibyl"
23941,Country Walks of a Naturalist with His Children,"Houghton, W. (William)"
17185,"Stories about the Instinct of Animals, Their Characters, and Habits","Bingley, Thomas"
19637,Black Beauty - The Autobiography of a Horse,"Sewell, Anna"
5993,,
21842,"The Boy Scouts of Lenox; Or, The Hike Over Big Bear Mountain","Webster, Frank V."
19171,"The Moving Picture Girls; Or, First Appearances in Photo Dramas","Hope, Laura Lee"
16171,"Our Boys
Entertaining Stories by Popular Authors",Various
19514,A Little Princess,"Burnett, Frances Hodgson"
21894,"The Rover Boys at Colby Hall; or, The Struggles of the Young Cadets","Stratemeyer, Edward"
19930,"The Boy Ranchers Among the Indians; Or, Trailing the Yaquis","Baker, Willard F."
21717,Battles with the Sea,"Ballantyne, R. M. (Robert Michael)"
9368,,
9407,,
18767,Stories about Animals: with Pictures to Match,"Woodworth, Francis C. (Francis Channing)"
15234,The Tale of the Pie and the Patty Pan,"Potter, Beatrix"
19025,A Sweet Little Maid,"Blanchard, Amy Ella"
11367,A History of China,"Eberhard, Wolfram"
25206,Rollo's Philosophy. [Air],"Abbott, Jacob"
14647,"The Cave in the Mountain
A Sequel to In the Pecos Country","Ellis, Edward Sylvester"
2191,"Boy Scouts in Mexico; Or, On Guard with Uncle Sam","Ralphson, G. Harvey (George Harvey)"
24656,Ontario Teachers' Manuals: Household Management,Ontario. Department of Education
7494,,
21832,The Wonder Island Boys: Conquest of the Savages,"Finlay, Roger T. (Roger Thompson)"
22674,"Boy Scouts on Hudson Bay; Or, The Disappearing Fleet","Ralphson, G. Harvey (George Harvey)"
19772,Denslow's Three Bears,"Denslow, W. W. (William Wallace)"
19714,With Frederick the Great: A Story of the Seven Years' War,"Henty, G. A. (George Alfred)"
7831,,
21695,Life in the Red Brigade: London Fire Brigade,"Ballantyne, R. M. (Robert Michael)"
9215,,
19360,Six to Sixteen: A Story for Girls,"Ewing, Juliana Horatia"
13355,Happy Jack,"Burgess, Thornton W. (Thornton Waldo)"
24834,The Wonders of a Toy Shop,Anonymous
10627,"Beacon Lights of History, Volume 08: Great Rulers","Lord, John"
21846,"Crowded Out o' Crofield; or, The Boy who made his Way","Stoddard, William O."
11757,The Velveteen Rabbit,"Bianco, Margery Williams"
5629,,
21236,The Boy Hunters,"Reid, Mayne"
3066,,
20327,The Boy Scouts on the Trail,"Durston, George"
17782,Animal Children: The Friends of the Forest and the Plain,"Kirkwood, Edith Brown"
18360,"The Farmer's Boy
One of R. Caldecott's picture books","Caldecott, Randolph"
18274,"A Book of Natural History
Young Folks' Library Volume XIV.",
7960,,
14320,Landscape and Song,
503,,
16038,"Great Epochs in American History, Volume 2
The Planting of the First Colonies: 1562—1733",
23530,Adventures in Many Lands,Various
22424,Frank Merriwell Down South,"Standish, Burt L."
19590,Tom Slade's Double Dare,"Fitzhugh, Percy Keese"
18217,"Chambers's Elementary Science Readers
Book I",Various
21979,"For Name and Fame; Or, Through Afghan Passes","Henty, G. A. (George Alfred)"
20324,The Outdoor Girls at Bluff Point; Or a Wreck and a Rescue,"Hope, Laura Lee"
11095,Fun and Nonsense,"Bonte, Willard"
21844,"The Tale of Turkey Proudfoot
Slumber-Town Tales","Bailey, Arthur Scott"
7318,,
5778,,
3282,,
8419,,
23763,"Fred Fenton on the Track; Or, The Athletes of Riverport School","Chapman, Allen"
24125,A Little Book for A Little Cook,"Hubbard, L. P."
17099,"The Meadow-Brook Girls by the Sea; Or, The Loss of The Lonesome Bar","Aldridge, Janet"
6001,,
1937,The Second Jungle Book,"Kipling, Rudyard"
10912,The Infant's Delight: Poetry,Anonymous
16936,"Parker's Second Reader
National Series of Selections for Reading, Designed For The Younger Classes In Schools, Academies, &C.","Parker, Richard Green"
21698,Rivers of Ice,"Ballantyne, R. M. (Robert Michael)"
17287,History of France,"Yonge, Charlotte M. (Charlotte Mary)"
21705,In the Track of the Troops,"Ballantyne, R. M. (Robert Michael)"
14909,"Elsie's New Relations
What They Did and How They Fared at Ion; A Sequel to Grandmother Elsie","Finley, Martha"
11881,The Shadow of the North: A Story of Old New York and a Lost Campaign,"Altsheler, Joseph A. (Joseph Alexander)"
20341,Grace Harlowe's Overland Riders in the Great North Woods,"Chase, Josephine"
35596,,
21594,"Fred Fenton on the Crew; Or, The Young Oarsmen of Riverport School","Chapman, Allen"
12176,The Gate of the Giant Scissors,"Johnston, Annie F. (Annie Fellows)"
21727,Digging for Gold: Adventures in California,"Ballantyne, R. M. (Robert Michael)"
5844,,
17282,An Alphabet of Old Friends,"Crane, Walter"
34550,,
25488,"The Grocery Man And Peck's Bad Boy
Peck's Bad Boy and His Pa, No. 2 - 1883","Peck, George W. (George Wilbur)"
21701,The Settler and the Savage,"Ballantyne, R. M. (Robert Michael)"
13783,The Boy Inventors' Radio Telephone,"Bonner, Richard"
20259,Frontier Boys in Frisco,"Roosevelt, Wyn"
5742,,
1282,"Tom Swift Among the Diamond Makers; Or, The Secret of Phantom Mountain","Appleton, Victor"
20777,R. Caldecott's First Collection of Pictures and Songs,
21707,Ungava,"Ballantyne, R. M. (Robert Michael)"
24097,The Story of Red Feather: A Tale of the American Frontier,"Ellis, Edward Sylvester"
5623,,
5893,,
20107,Denmark,"Thomson, M. Pearson"
19120,"The Saddle Boys of the Rockies; Or, Lost on Thunder Mountain","Carson, James, Captain"
14711,"The Boy Allies Under the Sea; Or, The Vanishing Submarines","Hayes, Clair W. (Clair Wallace)"
23407,The Tiny Picture Book,Anonymous
17530,Maida's Little Shop,"Gillmore, Inez Haynes"
7026,,
16081,The Anti-Slavery Alphabet,Anonymous
22938,The Camp Fire Girls in the Outside World,"Vandercook, Margaret"
20984,Prudy Keeping House,"May, Sophie"
15282,Uncle Wiggily's Travels,"Garis, Howard Roger"
21994,Prince Ricardo of Pantouflia: Being the Adventures of Prince Prigio's Son,"Lang, Andrew"
19002,"Alice's Adventures Under Ground
Being a facsimile of the original Ms. book afterwards developed into ""Alice's Adventures in Wonderland""","Carroll, Lewis"
8995,,
9745,,
2836,,
4932,,
20307,Kate's ordeal,"Leslie, Emma"
25778,Polly's Business Venture,"Roy, Lillian Elizabeth"
9258,,
19574,Andersen's Fairy Tales,"Andersen, H. C. (Hans Christian)"
21709,The Walrus Hunters: A Romance of the Realms of Ice,"Ballantyne, R. M. (Robert Michael)"
17058,"The Submarine Boys' Lightning Cruise
The Young Kings of the Deep","Durham, Victor G."
9212,,
18656,The Tale of Pony Twinkleheels,"Bailey, Arthur Scott"
2704,,
20092,Saint Bartholomew's Eve: A Tale of the Huguenot Wars,"Henty, G. A. (George Alfred)"
24711,Little Prudy,"May, Sophie"
708,,
16,Peter Pan,"Barrie, J. M. (James Matthew)"
21286,"Mother West Wind ""How"" Stories","Burgess, Thornton W. (Thornton Waldo)"
21750,Martin Rattler,"Ballantyne, R. M. (Robert Michael)"
17382,A Visit From Saint Nicholas,"Moore, Clement Clarke"
24324,"Chatterbox, 1906",Various
10469,Johnny Crow's Garden,"Brooke, L. Leslie (Leonard Leslie)"
14630,"Ruth Fielding on Cliff Island; Or, The Old Hunter's Treasure Box","Emerson, Alice B."
520,,
13803,"Making His Way; Or, Frank Courtney's Struggle Upward","Alger, Horatio, Jr."
4660,,
24108,"Fables in Rhyme for Little Folks
From the French of La Fontaine","La Fontaine, Jean de"
22911,"Where We Live
A Home Geography","Jacobs, Emilie Van Beil"
19140,"Girlhood and Womanhood
The Story of some Fortunes and Misfortunes","Tytler, Sarah"
19169,Baseball ABC,
7060,,
23370,The Battle and the Breeze,"Ballantyne, R. M. (Robert Michael)"
2726,,
2691,,
6905,,
3157,,
18990,Billy Whiskers' Adventures,"Montgomery, Frances Trego"
22307,"The Grammar School Boys of Gridley; or, Dick & Co. Start Things Moving","Hancock, H. Irving (Harrie Irving)"
19294,"The Outdoor Girls on Pine Island; Or, A Cave and What It Contained","Hope, Laura Lee"
7277,,
3496,,
20425,The Peace Egg and Other tales,"Ewing, Juliana Horatia"
6655,,
15809,A Apple Pie,"Greenaway, Kate"
19761,A Girl in Ten Thousand,"Meade, L. T."
21656,The Princess of the School,"Brazil, Angela"
11092,The History of Tom Thumb and Other Stories.,Anonymous
10649,"Beacon Lights of History, Volume 14: The New Era
A Supplementary Volume, by Recent Writers, as Set Forth in the Preface and Table of Contents","Lord, John"
950,,
24430,Nights With Uncle Remus,"Harris, Joel Chandler"
21708,Up in the Clouds: Balloon Voyages,"Ballantyne, R. M. (Robert Michael)"
21841,"The Saddle Boys in the Grand Canyon; or, The Hermit of the Cave","Carson, James, Captain"
25396,Dotty Dimple At Home,"May, Sophie"
7865,,
5110,,
17211,A School History of the Great War,"Gerson, Armand Jacques, McKinley, Albert E. (Albert Edward), Coulomb, Charles Augustin"
10641,"Beacon Lights of History, Volume 10: European Leaders","Lord, John"
20722,A Little Girl in Old Salem,"Douglas, Amanda M."
11718,"The Camp Fire Girls at School; Or, The Wohelo Weavers","Frey, Hildegard G."
20133,Bunny Brown and His Sister Sue at Aunt Lu's City Home,"Hope, Laura Lee"
20699,Dotty Dimple at Her Grandmother's,"May, Sophie"
15950,Wilderness Ways,"Long, William J. (William Joseph)"
23531,Marjorie's Busy Days,"Wells, Carolyn"
22425,"Stanford Achievement Test, Ed. 1922 : $b Advanced Examination, Form A, for Grades 4-8","Terman, Lewis M. (Lewis Madison), Kelley, Truman Lee, Ruch, G. M. (Giles Murrel)"
55,,
14916,Fairy Tales Every Child Should Know,
19607,"The Outdoor Girls in a Winter Camp
Or, Glorious Days on Skates and Ice Boats","Hope, Laura Lee"
21008,The Boy With the U. S. Fisheries,"Rolt-Wheeler, Francis"
10340,Dab Kinzer: A Story of a Growing Boy,"Stoddard, William O."
23395,"Orthography
As Outlined in the State Course of Study for Illinois","Cavins, Elmer W. (Elmer Warren)"
20472,"Grace Harlowe's Plebe Year at High School
The Merry Doings of the Oakdale Freshmen Girls","Chase, Josephine"
14534,Christmas with Grandma Elsie,"Finley, Martha"
20106,How Ethel Hollister Became a Campfire Girl,"Benson, Irene Elliott"
19070,Both Sides the Border: A Tale of Hotspur and Glendower,"Henty, G. A. (George Alfred)"
10776,"The Moving Picture Boys at Panama; Or, Stirring Adventures Along the Great Canal","Appleton, Victor"
25496,"New Treasure Seekers; Or, The Bastable Children in Search of a Fortune","Nesbit, E. (Edith)"
19909,Good Cheer Stories Every Child Should Know,
17878,Bunny Brown and his Sister Sue Giving a Show,"Hope, Laura Lee"
20326,Six little Bunkers at Uncle Fred's,"Hope, Laura Lee"
17055,"The Submarine Boys' Trial Trip
""Making Good"" as Young Experts","Durham, Victor G."
14130,"The Outdoor Chums on the Gulf; Or, Rescuing the Lost Balloonists","Allen, Quincy"
13107,The New South: A Chronicle of Social and Industrial Evolution,"Thompson, Holland"
10644,"Beacon Lights of History, Volume 11: American Founders","Lord, John"
7899,,
9217,,
3796,,
9963,,
12823,"Joe's Luck; Or, Always Wide Awake","Alger, Horatio, Jr."
6418,,
7885,,
5615,,
20097,The Tale of Mrs. Ladybug,"Bailey, Arthur Scott"
498,,
14369,"The Young Engineers on the Gulf
Or, The Dread Mystery of the Million Dollar Breakwater","Hancock, H. Irving (Harrie Irving)"
20916,The Arabian Nights: Their Best-known Tales,
15726,"The Camp Fire Girls on the Farm; Or, Bessie King's New Chum","Stewart, Jane L."
24030,Stories From Livy,"Church, Alfred John"
14081,The Three Jovial Huntsmen,
24286,The Birds' Christmas Carol,"Wiggin, Kate Douglas Smith"
13897,The Adventure Club Afloat,"Barbour, Ralph Henry"
13853,New National First Reader,"Ballard, Harlan Hoge, Thayer, S. Proctor, Barnes, Charles J. (Charles Joseph)"
2835,,
479,,
14874,Elsie's Womanhood,"Finley, Martha"
13912,"Bébée; Or, Two Little Wooden Shoes",Ouida
23267,The Cannibal Islands: Captain Cook's Adventure in the South Seas,"Ballantyne, R. M. (Robert Michael)"
23871,A Little Union Scout,"Harris, Joel Chandler"
23492,Fast in the Ice: Adventures in the Polar Regions,"Ballantyne, R. M. (Robert Michael)"
14875,Elsie's children,"Finley, Martha"
24872,The Tale of Master Meadow Mouse,"Bailey, Arthur Scott"
24598,"A Modern History, From the Time of Luther to the Fall of Napoleon
For the Use of Schools and Colleges","Lord, John"
16540,Melchior's Dream and Other Tales,"Ewing, Juliana Horatia"
640,,
22996,"The Rover Boys on Snowshoe Island; or, The Old Lumberman's Treasure Box","Stratemeyer, Edward"
20557,Ontario Teachers' Manuals: Household Science in Rural Schools,Ontario. Department of Education
5701,,
10484,"Beacon Lights of History, Volume 03: Ancient Achievements","Lord, John"
22547,"The Rover Boys on Treasure Isle; or, The Strange Cruise of the Steam Yacht","Stratemeyer, Edward"
1236,"First Across the Continent
The Story of the Exploring Expedition of Lewis and Clark in 1804-5-6","Brooks, Noah"
18038,Days of the Discoverers,"Lamprey, Louise"
11337,Cowmen and Rustlers: A Story of the Wyoming Cattle Ranges,"Ellis, Edward Sylvester"
21711,The World of Ice,"Ballantyne, R. M. (Robert Michael)"
721,,
4671,,
12317,Two Little Knights of Kentucky,"Johnston, Annie F. (Annie Fellows)"
4378,,
225,At the Back of the North Wind,"MacDonald, George"
22532,Mary Louise and Josie O'Gorman,"Sampson, Emma Speed"
23433,The Kitten's Garden of Verses,"Herford, Oliver"
7229,,
16681,Baby Chatterbox,Anonymous
5264,,
10724,The Store Boy,"Alger, Horatio, Jr."
14640,"McGuffey's First Eclectic Reader, Revised Edition","McGuffey, William Holmes"
18344,"The Song of Sixpence
Picture Book","Crane, Walter"
19721,The Literary World Seventh Reader,
496,,
22265,Frank Merriwell's Cruise,"Standish, Burt L."
24235,Mary Ware's Promised Land,"Johnston, Annie F. (Annie Fellows)"
23677,"The Moving Picture Boys on the Coast
Or, Showing Up the Perils of the Deep","Appleton, Victor"
18146,The Children's Portion,
21614,For the Temple: A Tale of the Fall of Jerusalem,"Henty, G. A. (George Alfred)"
22225,Mary Louise in the Country,"Baum, L. Frank (Lyman Frank)"
16259,The Surprising Adventures of the Magical Monarch of Mo and His People,"Baum, L. Frank (Lyman Frank)"
10142,Maezli: A Story of the Swiss Valleys,"Spyri, Johanna"
23447,"Uncle Sam's Boys in the Philippines; or, Following the Flag against the Moros","Hancock, H. Irving (Harrie Irving)"
12810,"Uncle Sam's Boys with Pershing's Troops
Or, Dick Prescott at Grips with the Boche","Hancock, H. Irving (Harrie Irving)"
5602,,
22778,"The Remarkable Adventures of an Old Woman and Her Pig
An Ancient Tale in a Modern Dress",Anonymous
17824,Little Black Sambo,"Bannerman, Helen"
11313,A School History of the United States,"McMaster, John Bach"
14457,"Kings, Queens and Pawns: An American Woman at the Front","Rinehart, Mary Roberts"
13,The Hunting of the Snark: An Agony in Eight Fits,"Carroll, Lewis"
954,,
24589,The Tale of Benny Badger,"Bailey, Arthur Scott"
17677,The Tree of Appomattox,"Altsheler, Joseph A. (Joseph Alexander)"
19538,"The Broncho Rider Boys with Funston at Vera Cruz
Or, Upholding the Honor of the Stars and Stripes","Fowler, Frank"
20404,All Round the Year,"Brooke, Caris, Nesbit, E. (Edith)"
15727,Gritli's Children,"Spyri, Johanna"
4945,,
14606,And Thus He Came: A Christmas Fantasy,"Brady, Cyrus Townsend"
501,,
18702,The Ontario Readers: Fourth Book,Ontario. Department of Education
6584,,
11877,Monkey Jack and Other Stories,
557,,
20113,"Nonsense Drolleries
The Owl & The Pussy-Cat—The Duck & The Kangaroo.","Lear, Edward"
22282,Uncle Remus and Brer Rabbit,"Harris, Joel Chandler"
21718,The Big Otter,"Ballantyne, R. M. (Robert Michael)"
20791,For Love of Country: A Story of Land and Sea in the Days of the Revolution,"Brady, Cyrus Townsend"
12775,Dave Darrin's Fourth Year at Annapolis: Headed for Graduation and the Big Cruise,"Hancock, H. Irving (Harrie Irving)"
6898,,
12109,"The House That Jack Built
One of R. Caldecott's Picture Books","Caldecott, Randolph"
23452,"The Trial of William Tinkling
Written by Himself at the Age of 8 Years","Dickens, Charles"
6083,,
20877,Mother West Wind's Children,"Burgess, Thornton W. (Thornton Waldo)"
146,"A Little Princess
Being the whole story of Sara Crewe now told for the first time","Burnett, Frances Hodgson"
24248,The Girl Scouts' Good Turn,"Lavell, Edith"
21986,The Dash for Khartoum: A Tale of the Nile Expedition,"Henty, G. A. (George Alfred)"
20860,The Butterfly's Ball and the Grasshopper's Feast,"Roscoe, William"
23385,Saved by the Lifeboat,"Ballantyne, R. M. (Robert Michael)"
709,,
21125,The Boy Patriot,"Ellis, Edward Sylvester"
21694,The Prairie Chief,"Ballantyne, R. M. (Robert Michael)"
21412,"The Tale of Bobby Bobolink
Tuck-me-In Tales","Bailey, Arthur Scott"
35158,,
21034,The Corner House Girls at School,"Hill, Grace Brooks"
20789,"The Grammar School Boys Snowbound; or, Dick & Co. at Winter Sports","Hancock, H. Irving (Harrie Irving)"
6953,,
22874,"Frank Merriwell's Pursuit; Or, How to Win","Standish, Burt L."
10222,"The Pilgrims of New England
A Tale of the Early American Settlers","Webb, J. B., Mrs. (Annie)"
34582,,
19722,A Child's Garden of Verses,"Stevenson, Robert Louis"
11111,"Only an Irish Boy; Or, Andy Burke's Fortunes","Alger, Horatio, Jr."
5271,,
12947,The Boy Scouts of the Flying Squadron,"Shaler, Robert"
20698,The Story of Glass,"Bassett, Sara Ware"
6808,,
22168,"The golden spears, and other fairy tales","Leamy, Edmund"
21760,The Wonder Island Boys: Adventures on Strange Islands,"Finlay, Roger T. (Roger Thompson)"
8576,,
19991,The Fox Jumps Over the Parson's Gate,
5780,,
23344,"The Magic Fishbone
A Holiday Romance from the Pen of Miss Alice Rainbird, Aged 7","Dickens, Charles"
7346,,
22175,"Stories from the Ballads, Told to the Children","Macgregor, Mary"
3014,,
21696,Red Rooney: The Last of the Crew,"Ballantyne, R. M. (Robert Michael)"
10360,Kitty's Class Day and Other Stories,"Alcott, Louisa May"
4769,,
778,,
18525,On the Trail: An Outdoor Book for Girls,"Beard, Lina, Beard, Adelia B. (Adelia Belle)"
15884,"Young Folks' Library, Volume XI (of 20)
Wonders of Earth, Sea and Sky",
9833,,
16473,Queen Hildegarde,"Richards, Laura Elizabeth Howe"
3429,,
24124,"Down the Rhine; Or, Young America in Germany","Optic, Oliver"
24811,Viking Tales,"Hall, Jennie"
15149,The Palace Beautiful: A Story for Girls,"Meade, L. T."
2788,,
20606,The Magic City,"Nesbit, E. (Edith)"
582,,
16042,The Wonder Book of Bible Stories,
18614,At the Back of the North Wind,"MacDonald, George, Lewis, Elizabeth"
24884,"Commercial Geography
A Book for High Schools, Commercial Courses, and Business Colleges","Redway, Jacques W. (Jacques Wardlaw)"
641,,
21743,"Jeff Benson, or the Young Coastguardsman","Ballantyne, R. M. (Robert Michael)"
19461,Tales of Wonder Every Child Should Know,
13181,The Boy With the U.S. Census,"Rolt-Wheeler, Francis"
956,,
22080,"True Stories of Wonderful Deeds
Pictures and Stories for Little Folk",Anonymous
11917,The Story of Ireland,"Lawless, Emily"
236,The Jungle Book,"Kipling, Rudyard"
23116,"Ruth Fielding Down East; Or, The Hermit of Beach Plum Point","Emerson, Alice B."
21687,The Youngest Girl in the Fifth: A School Story,"Brazil, Angela"
6932,,
13354,The Boy Knight: A Tale of the Crusades,"Henty, G. A. (George Alfred)"
5207,,
17253,Dewey and Other Naval Commanders,"Ellis, Edward Sylvester"
8188,,
770,,
24609,"The Motor Car Dumpy Book
The Dumpy Books for Children #32","Crosland, T. W. H. (Thomas William Hodgson)"
21715,Away in the Wilderness,"Ballantyne, R. M. (Robert Michael)"
3027,,
18581,Adrift in New York: Tom and Florence Braving the World,"Alger, Horatio, Jr."
9990,,
18954,Tom Slade with the Boys Over There,"Fitzhugh, Percy Keese"
16472,"Through Forest and Fire
Wild-Woods Series No. 1","Ellis, Edward Sylvester"
10729,"Jack's Ward; Or, The Boy Guardian","Alger, Horatio, Jr."
15343,A Little Book for Christmas,"Brady, Cyrus Townsend"
15263,"The Underground Railroad
A Record of Facts, Authentic Narratives, Letters, &c., Narrating the Hardships, Hair-Breadth Escapes and Death Struggles of the Slaves in Their Efforts for Freedom, As Related by Themselves and Others, or Witnessed by the Author.","Still, William"
4792,,
11979,"The Diverting History of John Gilpin
Showing How He Went Farther Than He Intended, and Came Safe Home Again","Cowper, William"
18774,The Sun of Quebec: A Story of a Great Crisis,"Altsheler, Joseph A. (Joseph Alexander)"
21189,"Aesop, in Rhyme: Old Friends in a New Dress","Aesop, Park, Marmaduke"
15137,The Tale of Mrs. Tiggy-Winkle,"Potter, Beatrix"
25548,Rollo's Museum,"Abbott, Jacob"
14488,Elsie's Kith and Kin,"Finley, Martha"
20071,"Sue, A Little Heroine","Meade, L. T."
16623,Letters of a Woman Homesteader,"Stewart, Elinore Pruitt"
19318,"The Outdoor Girls in the Saddle; Or, The Girl Miner of Gold Run","Hope, Laura Lee"
540,,
19923,"The Ontario Readers: The High School Reader, 1886",Ontario. Department of Education
4698,,
13842,The Story of Manhattan,"Hemstreet, Charles"
18341,Come Lasses and Lads,
14762,"Now or Never; Or, The Adventures of Bobby Bright: A Story for Young Folks","Optic, Oliver"
15621,The Story of Jack and the Giants,
9210,,
15521,The Adventures of Prickly Porky,"Burgess, Thornton W. (Thornton Waldo)"
7882,,
18937,"My First Picture Book
With Thirty-six Pages of Pictures Printed in Colours by Kronheim","Kronheim, Joseph Martin"
21242,On the Irrawaddy: A Story of the First Burmese War,"Henty, G. A. (George Alfred)"
15055,The Free Rangers: A Story of the Early Days Along the Mississippi,"Altsheler, Joseph A. (Joseph Alexander)"
12308,Winning His Spurs: A Tale of the Crusades,"Henty, G. A. (George Alfred)"
24022,A Christmas Carol,"Dickens, Charles"
2787,,
17054,"The Submarine Boys on Duty
Life on a Diving Torpedo Boat","Durham, Victor G."
22406,The Little People of the Snow,"Bryant, William Cullen"
14635,"Ruth Fielding in Moving Pictures; Or, Helping the Dormitory Fund","Emerson, Alice B."
3036,,
6624,,
24283,"Down the River; Or, Buck Bradford and His Tyrants","Optic, Oliver"
15528,The Tale of Cuffy Bear,"Bailey, Arthur Scott"
9482,,
13815,The Talking Beasts: A Book of Fable Wisdom,
17412,"The Bobbsey Twins
Or, Merry Days Indoors and Out","Hope, Laura Lee"
16956,Bunny Brown and His Sister Sue Playing Circus,"Hope, Laura Lee"
15133,"Campfire Girls in the Allegheny Mountains; or, A Christmas Success against Odds","Francis, Stella M."
12778,"The Young Engineers in Mexico; Or, Fighting the Mine Swindlers","Hancock, H. Irving (Harrie Irving)"
15592,Old-Fashioned Fairy Tales,"Ewing, Juliana Horatia"
16805,"The Jungle Fugitives: A Tale of Life and Adventure in India
Including also Many Stories of American Adventure, Enterprise and Daring","Ellis, Edward Sylvester"
18909,"Poems Teachers Ask For
Selected by readers of ""Normal Instructor-Primary Plans""",Various
21446,Favourite Fables in Prose and Verse,
7439,,
8211,,
18421,Bunny Brown and His Sister Sue Keeping Store,"Hope, Laura Lee"
13379,"The Two Elsies
A Sequel to Elsie at Nantucket","Finley, Martha"
9220,,
678,,
16437,"The Children of France
A Book of Stories of the Heroism and Self-sacrifice of Youthful Patriots of France During the Great War","Royce, Ruth"
9219,,
20716,The Tale of Timothy Turtle,"Bailey, Arthur Scott"
11609,The Golden Canyon,"Henty, G. A. (George Alfred)"
18343,The Pied Piper of Hamelin,"Browning, Robert"
18077,We and the World: A Book for Boys. Part I,"Ewing, Juliana Horatia"
7231,,
19816,Six little Bunkers at Cowboy Jack's,"Hope, Laura Lee"
2781,,
14313,One of the 28th: A Tale of Waterloo,"Henty, G. A. (George Alfred)"
23322,The Three Bears,Anonymous
14375,The Adventures of Grandfather Frog,"Burgess, Thornton W. (Thornton Waldo)"
21973,Anecdotes of the Habits and Instinct of Animals,"Lee, R., Mrs."
16037,"Great Epochs in American History, Volume 1.
Voyages of Discovery and Early Explorations: 1000 A.D.-1682",
4227,,
22224,At Aboukir and Acre: A Story of Napoleon's Invasion of Egypt,"Henty, G. A. (George Alfred)"
20105,"The Land We Live In
The Story of Our Country","Mann, Henry"
24795,"An Entertaining History of Tom Thumb
William Raine's Edition",Unknown
22766,Electricity for Boys,"Zerbe, James Slough"
646,,
848,,
17145,Hallowe'en at Merryvale,"Burnett, Alice Hale"
5674,,
8679,,
20781,"Heidi
(Gift Edition)","Spyri, Johanna"
15825,New National Fourth Reader,"Hawkes, J. Marshall, Barnes, Charles J. (Charles Joseph)"
21730,Erling the Bold,"Ballantyne, R. M. (Robert Michael)"
17750,Laugh and play : $b A collection of original stories,
1362,"Tom Swift and His Undersea Search; Or, the Treasure on the Floor of the Atlantic","Appleton, Victor"
837,,
17386,The Leading Facts of English History,"Montgomery, D. H. (David Henry)"
17811,"Grace Harlowe's Junior Year at High School
Or, Fast Friends in the Sororities","Chase, Josephine"
23278,Janice Day at Poketown,"Long, Helen Beecher"
15072,Marjorie's Maytime,"Wells, Carolyn"
5828,,
9201,,
460,,
13648,More Nonsense,"Lear, Edward"
3152,,
19859,"A Flat Iron for a Farthing; or, Some Passages in the Life of an only Son","Ewing, Juliana Horatia"
16855,The Land of Mystery,"Ellis, Edward Sylvester"
20997,The Nürnberg Stove,Ouida
21753,The Norsemen in the West,"Ballantyne, R. M. (Robert Michael)"
9986,,
18833,"With Clive in India; Or, The Beginnings of an Empire","Henty, G. A. (George Alfred)"
19561,"The Outdoor Girls in a Motor Car; Or, The Haunted Mansion of Shadow Valley","Hope, Laura Lee"
6576,,
499,,
8153,,
